{
	"_version": "1.1.0",
	"resources": [
		{
			"name": ".theming",
			"size": 137,
			"theme": "sap_bluecrystal"
		},
		{
			"name": "css_variables.css",
			"size": 127,
			"theme": "sap_bluecrystal"
		},
		{
			"name": "css_variables.less",
			"size": 33328,
			"designtime": true,
			"theme": "sap_bluecrystal"
		},
		{
			"name": "css_variables.source.less",
			"size": 32940,
			"designtime": true,
			"theme": "sap_bluecrystal"
		},
		{
			"name": "library-RTL.css",
			"size": 328,
			"theme": "sap_bluecrystal"
		},
		{
			"name": "library-parameters.json",
			"size": 2,
			"theme": "sap_bluecrystal"
		},
		{
			"name": "library.css",
			"size": 325,
			"theme": "sap_bluecrystal"
		},
		{
			"name": "library.less",
			"size": 383,
			"designtime": true,
			"theme": "sap_bluecrystal"
		},
		{
			"name": "library.source.less",
			"size": 108,
			"designtime": true,
			"theme": "sap_bluecrystal"
		},
		{
			"name": "library_skeleton-RTL.css",
			"size": 218,
			"theme": "sap_bluecrystal"
		},
		{
			"name": "library_skeleton.css",
			"size": 215,
			"theme": "sap_bluecrystal"
		}
	]
}
