{
	"_version": "1.1.0",
	"resources": [
		{
			"name": ".theming",
			"size": 650,
			"theme": "sap_belize"
		},
		{
			"name": "css_variables.css",
			"size": 200,
			"theme": "sap_belize"
		},
		{
			"name": "css_variables.less",
			"size": 32624,
			"designtime": true,
			"theme": "sap_belize"
		},
		{
			"name": "css_variables.source.less",
			"size": 32246,
			"designtime": true,
			"theme": "sap_belize"
		},
		{
			"name": "library-RTL.css",
			"size": 746,
			"theme": "sap_belize"
		},
		{
			"name": "library-parameters.json",
			"size": 42,
			"theme": "sap_belize"
		},
		{
			"name": "library.css",
			"size": 740,
			"theme": "sap_belize"
		},
		{
			"name": "library.less",
			"size": 373,
			"designtime": true,
			"theme": "sap_belize"
		},
		{
			"name": "library.source.less",
			"size": 103,
			"designtime": true,
			"theme": "sap_belize"
		},
		{
			"name": "library_skeleton-RTL.css",
			"size": 581,
			"theme": "sap_belize"
		},
		{
			"name": "library_skeleton.css",
			"size": 575,
			"theme": "sap_belize"
		}
	]
}
