<?xml version="1.0" encoding="utf-8"?><edmx:Edmx Version="1.0" xmlns:edmx="http://schemas.microsoft.com/ado/2007/06/edmx" xmlns:m="http://schemas.microsoft.com/ado/2007/08/dataservices/metadata" xmlns:sap="http://www.sap.com/Protocols/SAPData"><edmx:DataServices m:DataServiceVersion="2.0"><Schema Namespace="ZSIGNATUREAPP_SRV" xml:lang="en" sap:schema-version="1" xmlns="http://schemas.microsoft.com/ado/2008/09/edm"><Annotation Term="Core.SchemaVersion" String="1.0.0" xmlns="http://docs.oasis-open.org/odata/ns/edm"/><EntityType Name="Signature_hdr" sap:content-version="1"><Key><PropertyRef Name="Vbeln"/><PropertyRef Name="Posnr"/></Key><Property Name="Vbeln" Type="Edm.String" Nullable="false" MaxLength="10" sap:unicode="false" sap:label="Sales Document" sap:creatable="false" sap:updatable="false" sap:sortable="false" sap:filterable="false"/><Property Name="Posnr" Type="Edm.String" Nullable="false" MaxLength="6" sap:unicode="false" sap:label="Item" sap:creatable="false" sap:updatable="false" sap:sortable="false" sap:filterable="false"/><Property Name="LabelLines1" Type="Edm.String" Nullable="false" sap:unicode="false" sap:creatable="false" sap:updatable="false" sap:sortable="false" sap:filterable="false"/><Property Name="LabelLines2" Type="Edm.String" Nullable="false" sap:unicode="false" sap:creatable="false" sap:updatable="false" sap:sortable="false" sap:filterable="false"/><Property Name="LabelLines3" Type="Edm.String" Nullable="false" sap:unicode="false" sap:creatable="false" sap:updatable="false" sap:sortable="false" sap:filterable="false"/><Property Name="LabelLines4" Type="Edm.String" Nullable="false" sap:unicode="false" sap:creatable="false" sap:updatable="false" sap:sortable="false" sap:filterable="false"/><Property Name="LabelLines5" Type="Edm.String" Nullable="false" sap:unicode="false" sap:creatable="false" sap:updatable="false" sap:sortable="false" sap:filterable="false"/><Property Name="LabelLines6" Type="Edm.String" Nullable="false" sap:unicode="false" sap:creatable="false" sap:updatable="false" sap:sortable="false" sap:filterable="false"/><Property Name="Flag" Type="Edm.String" Nullable="false" sap:unicode="false" sap:creatable="false" sap:updatable="false" sap:sortable="false" sap:filterable="false"/><NavigationProperty Name="SignatureSet" Relationship="ZSIGNATUREAPP_SRV.HDR_SIGNATURE" FromRole="FromRole_HDR_SIGNATURE" ToRole="ToRole_HDR_SIGNATURE"/></EntityType><EntityType Name="Signature" sap:content-version="1"><Key><PropertyRef Name="Vbeln"/><PropertyRef Name="Posnr"/></Key><Property Name="Mandt" Type="Edm.String" Nullable="false" MaxLength="3" sap:unicode="false" sap:label="Client" sap:creatable="false" sap:updatable="false" sap:sortable="false" sap:filterable="false"/><Property Name="SeqNo" Type="Edm.Int16" Nullable="false" sap:unicode="false" sap:label="INT2" sap:creatable="false" sap:updatable="false" sap:sortable="false" sap:filterable="false"/><Property Name="Vbeln" Type="Edm.String" Nullable="false" MaxLength="10" sap:unicode="false" sap:label="Sales Document" sap:creatable="false" sap:updatable="false" sap:sortable="false" sap:filterable="false"/><Property Name="Posnr" Type="Edm.String" Nullable="false" MaxLength="6" sap:unicode="false" sap:label="Item" sap:creatable="false" sap:updatable="false" sap:sortable="false" sap:filterable="false"/><Property Name="SignatureType" Type="Edm.String" Nullable="false" MaxLength="50" sap:unicode="false" sap:label="SIGNATURE_TYPE" sap:creatable="false" sap:updatable="false" sap:sortable="false" sap:filterable="false"/><Property Name="ArtistName" Type="Edm.String" Nullable="false" MaxLength="50" sap:unicode="false" sap:label="ARTIST_NAME" sap:creatable="false" sap:updatable="false" sap:sortable="false" sap:filterable="false"/><Property Name="SignedOn" Type="Edm.DateTime" Nullable="false" Precision="7" sap:unicode="false" sap:label="SIGNED_ON" sap:creatable="false" sap:updatable="false" sap:sortable="false" sap:filterable="false"/><Property Name="AddedBy" Type="Edm.String" Nullable="false" MaxLength="30" sap:unicode="false" sap:label="ADDED_BY" sap:creatable="false" sap:updatable="false" sap:sortable="false" sap:filterable="false"/><Property Name="AddedDate" Type="Edm.DateTime" Nullable="false" Precision="7" sap:unicode="false" sap:label="ADDED_DATE" sap:creatable="false" sap:updatable="false" sap:sortable="false" sap:filterable="false"/><Property Name="Labellines1" Type="Edm.String" Nullable="false" MaxLength="100" sap:unicode="false" sap:label="Label lines" sap:creatable="false" sap:updatable="false" sap:sortable="false" sap:filterable="false"/><Property Name="Labellines2" Type="Edm.String" Nullable="false" MaxLength="100" sap:unicode="false" sap:label="Label lines" sap:creatable="false" sap:updatable="false" sap:sortable="false" sap:filterable="false"/><Property Name="Labellines3" Type="Edm.String" Nullable="false" MaxLength="100" sap:unicode="false" sap:label="Label lines" sap:creatable="false" sap:updatable="false" sap:sortable="false" sap:filterable="false"/><Property Name="Labellines4" Type="Edm.String" Nullable="false" MaxLength="100" sap:unicode="false" sap:label="Label lines" sap:creatable="false" sap:updatable="false" sap:sortable="false" sap:filterable="false"/><Property Name="Labellines5" Type="Edm.String" Nullable="false" MaxLength="100" sap:unicode="false" sap:label="Label lines" sap:creatable="false" sap:updatable="false" sap:sortable="false" sap:filterable="false"/><Property Name="Labellines6" Type="Edm.String" Nullable="false" MaxLength="100" sap:unicode="false" sap:label="Label lines" sap:creatable="false" sap:updatable="false" sap:sortable="false" sap:filterable="false"/></EntityType><EntityType Name="Sign_DropDown" sap:content-version="1"><Key><PropertyRef Name="ImFlag"/><PropertyRef Name="LvPosnr"/><PropertyRef Name="LvVbeln"/></Key><Property Name="ImFlag" Type="Edm.String" Nullable="false" MaxLength="1" sap:unicode="false" sap:label="Flag" sap:updatable="false" sap:sortable="false"/><Property Name="LvPosnr" Type="Edm.String" Nullable="false" MaxLength="6" sap:unicode="false" sap:label="Item"/><Property Name="LvVbeln" Type="Edm.String" Nullable="false" MaxLength="10" sap:unicode="false" sap:label="Sales Document"/><Property Name="NameChar" Type="Edm.String" MaxLength="30" sap:unicode="false" sap:label="Characteristic" sap:filterable="false"/><Property Name="CharValue" Type="Edm.String" MaxLength="30" sap:unicode="false" sap:label="Char. Value" sap:filterable="false"/><Property Name="DescrCval" Type="Edm.String" MaxLength="30" sap:unicode="false" sap:label="Description" sap:filterable="false"/><Property Name="Name" Type="Edm.String" Nullable="false" sap:unicode="false" sap:creatable="false" sap:updatable="false" sap:sortable="false" sap:filterable="false"/></EntityType><Association Name="HDR_SIGNATURE" sap:content-version="1"><End Type="ZSIGNATUREAPP_SRV.Signature_hdr" Multiplicity="1" Role="FromRole_HDR_SIGNATURE"/><End Type="ZSIGNATUREAPP_SRV.Signature" Multiplicity="*" Role="ToRole_HDR_SIGNATURE"/><ReferentialConstraint><Principal Role="FromRole_HDR_SIGNATURE"><PropertyRef Name="Posnr"/><PropertyRef Name="Vbeln"/></Principal><Dependent Role="ToRole_HDR_SIGNATURE"><PropertyRef Name="Posnr"/><PropertyRef Name="Vbeln"/></Dependent></ReferentialConstraint></Association><EntityContainer Name="ZSIGNATUREAPP_SRV_Entities" m:IsDefaultEntityContainer="true" sap:supported-formats="atom json xlsx"><EntitySet Name="Signature_hdrSet" EntityType="ZSIGNATUREAPP_SRV.Signature_hdr" sap:creatable="false" sap:updatable="false" sap:deletable="false" sap:pageable="false" sap:addressable="false" sap:content-version="1"/><EntitySet Name="SignatureSet" EntityType="ZSIGNATUREAPP_SRV.Signature" sap:creatable="false" sap:updatable="false" sap:deletable="false" sap:pageable="false" sap:addressable="false" sap:content-version="1"/><EntitySet Name="Sign_DropDownSet" EntityType="ZSIGNATUREAPP_SRV.Sign_DropDown" sap:creatable="false" sap:updatable="false" sap:deletable="false" sap:pageable="false" sap:addressable="false" sap:content-version="1"/><AssociationSet Name="HDR_SIGNATURESet" Association="ZSIGNATUREAPP_SRV.HDR_SIGNATURE" sap:creatable="false" sap:updatable="false" sap:deletable="false" sap:content-version="1"><End EntitySet="Signature_hdrSet" Role="FromRole_HDR_SIGNATURE"/><End EntitySet="SignatureSet" Role="ToRole_HDR_SIGNATURE"/></AssociationSet></EntityContainer><atom:link rel="self" href="https://webidecp-iw6p64tuj5.dispatcher.us4.hana.ondemand.com/destinations/DS4/sap/opu/odata/sap/ZSIGNATUREAPP_SRV/$metadata" xmlns:atom="http://www.w3.org/2005/Atom"/><atom:link rel="latest-version" href="https://webidecp-iw6p64tuj5.dispatcher.us4.hana.ondemand.com/destinations/DS4/sap/opu/odata/sap/ZSIGNATUREAPP_SRV/$metadata" xmlns:atom="http://www.w3.org/2005/Atom"/></Schema></edmx:DataServices></edmx:Edmx>