{
	"_version": "1.1.0",
	"resources": [
		{
			"name": ".theming",
			"size": 90,
			"theme": "sap_fiori_3"
		},
		{
			"name": "css_variables.css",
			"size": 127,
			"theme": "sap_fiori_3"
		},
		{
			"name": "css_variables.less",
			"size": 33307,
			"designtime": true,
			"theme": "sap_fiori_3"
		},
		{
			"name": "css_variables.source.less",
			"size": 32927,
			"designtime": true,
			"theme": "sap_fiori_3"
		},
		{
			"name": "library-RTL.css",
			"size": 328,
			"theme": "sap_fiori_3"
		},
		{
			"name": "library-parameters.json",
			"size": 2,
			"theme": "sap_fiori_3"
		},
		{
			"name": "library.css",
			"size": 325,
			"theme": "sap_fiori_3"
		},
		{
			"name": "library.less",
			"size": 375,
			"designtime": true,
			"theme": "sap_fiori_3"
		},
		{
			"name": "library.source.less",
			"size": 104,
			"designtime": true,
			"theme": "sap_fiori_3"
		},
		{
			"name": "library_skeleton-RTL.css",
			"size": 218,
			"theme": "sap_fiori_3"
		},
		{
			"name": "library_skeleton.css",
			"size": 215,
			"theme": "sap_fiori_3"
		}
	]
}
