[
    {
        "ImFlag": "T",
        "LvPosnr": "lBboDh",
        "LvVbeln": "tSXAVDxAuc",
        "NameChar": "NameChar1",
        "CharValue": "CharValue1",
        "DescrCval": "DescrCval1",
        "Name": "Name1"
    },
    {
        "ImFlag": "T",
        "LvPosnr": "qIyAyb",
        "LvVbeln": "uFEBxBsqsq",
        "NameChar": "NameChar2",
        "CharValue": "CharValue2",
        "DescrCval": "DescrCval2",
        "Name": "Name2"
    },
    {
        "ImFlag": "T",
        "LvPosnr": "JawPNB",
        "LvVbeln": "QSGrNoqYDo",
        "NameChar": "NameChar3",
        "CharValue": "CharValue3",
        "DescrCval": "DescrCval3",
        "Name": "Name3"
    },
    {
        "ImFlag": "T",
        "LvPosnr": "lkfsMv",
        "LvVbeln": "UCEOSpHXZH",
        "NameChar": "NameChar4",
        "CharValue": "CharValue4",
        "DescrCval": "DescrCval4",
        "Name": "Name4"
    },
    {
        "ImFlag": "T",
        "LvPosnr": "vAufUZ",
        "LvVbeln": "DxrvesvsYB",
        "NameChar": "NameChar5",
        "CharValue": "CharValue5",
        "DescrCval": "DescrCval5",
        "Name": "Name5"
    },
    {
        "ImFlag": "T",
        "LvPosnr": "oEAzXn",
        "LvVbeln": "MvYAwPgmSy",
        "NameChar": "NameChar6",
        "CharValue": "CharValue6",
        "DescrCval": "DescrCval6",
        "Name": "Name6"
    },
    {
        "ImFlag": "T",
        "LvPosnr": "OADopC",
        "LvVbeln": "SUJbzigdNt",
        "NameChar": "NameChar7",
        "CharValue": "CharValue7",
        "DescrCval": "DescrCval7",
        "Name": "Name7"
    },
    {
        "ImFlag": "T",
        "LvPosnr": "VuYGtj",
        "LvVbeln": "QrtmKeenkq",
        "NameChar": "NameChar8",
        "CharValue": "CharValue8",
        "DescrCval": "DescrCval8",
        "Name": "Name8"
    },
    {
        "ImFlag": "T",
        "LvPosnr": "QDpYSy",
        "LvVbeln": "qYhoYaizOL",
        "NameChar": "NameChar9",
        "CharValue": "CharValue9",
        "DescrCval": "DescrCval9",
        "Name": "Name9"
    },
    {
        "ImFlag": "T",
        "LvPosnr": "JxMYHz",
        "LvVbeln": "UBrYXarJIS",
        "NameChar": "NameChar10",
        "CharValue": "CharValue10",
        "DescrCval": "DescrCval10",
        "Name": "Name10"
    },
    {
        "ImFlag": "T",
        "LvPosnr": "EbBYWS",
        "LvVbeln": "ICwwNZgBjH",
        "NameChar": "NameChar11",
        "CharValue": "CharValue11",
        "DescrCval": "DescrCval11",
        "Name": "Name11"
    },
    {
        "ImFlag": "T",
        "LvPosnr": "brXzOe",
        "LvVbeln": "bpJgWowiPG",
        "NameChar": "NameChar12",
        "CharValue": "CharValue12",
        "DescrCval": "DescrCval12",
        "Name": "Name12"
    },
    {
        "ImFlag": "T",
        "LvPosnr": "VNBcaA",
        "LvVbeln": "xDuzguGWNy",
        "NameChar": "NameChar13",
        "CharValue": "CharValue13",
        "DescrCval": "DescrCval13",
        "Name": "Name13"
    },
    {
        "ImFlag": "T",
        "LvPosnr": "Cfjbeb",
        "LvVbeln": "zGGgZKJrIP",
        "NameChar": "NameChar14",
        "CharValue": "CharValue14",
        "DescrCval": "DescrCval14",
        "Name": "Name14"
    },
    {
        "ImFlag": "T",
        "LvPosnr": "HKnQqk",
        "LvVbeln": "DxCMiAaNbO",
        "NameChar": "NameChar15",
        "CharValue": "CharValue15",
        "DescrCval": "DescrCval15",
        "Name": "Name15"
    },
    {
        "ImFlag": "T",
        "LvPosnr": "elXRjD",
        "LvVbeln": "GSWYbisisK",
        "NameChar": "NameChar16",
        "CharValue": "CharValue16",
        "DescrCval": "DescrCval16",
        "Name": "Name16"
    },
    {
        "ImFlag": "T",
        "LvPosnr": "zGCzxw",
        "LvVbeln": "KixNamyXrP",
        "NameChar": "NameChar17",
        "CharValue": "CharValue17",
        "DescrCval": "DescrCval17",
        "Name": "Name17"
    },
    {
        "ImFlag": "T",
        "LvPosnr": "CvqhwA",
        "LvVbeln": "xhJZKdmpRc",
        "NameChar": "NameChar18",
        "CharValue": "CharValue18",
        "DescrCval": "DescrCval18",
        "Name": "Name18"
    },
    {
        "ImFlag": "T",
        "LvPosnr": "HvkltQ",
        "LvVbeln": "rXWtnGwDto",
        "NameChar": "NameChar19",
        "CharValue": "CharValue19",
        "DescrCval": "DescrCval19",
        "Name": "Name19"
    },
    {
        "ImFlag": "T",
        "LvPosnr": "zSRnim",
        "LvVbeln": "VpBFsGQwaG",
        "NameChar": "NameChar20",
        "CharValue": "CharValue20",
        "DescrCval": "DescrCval20",
        "Name": "Name20"
    },
    {
        "ImFlag": "T",
        "LvPosnr": "vIlKbA",
        "LvVbeln": "iLRTMTyChx",
        "NameChar": "NameChar21",
        "CharValue": "CharValue21",
        "DescrCval": "DescrCval21",
        "Name": "Name21"
    },
    {
        "ImFlag": "T",
        "LvPosnr": "glhJDW",
        "LvVbeln": "rdxkVkMNMy",
        "NameChar": "NameChar22",
        "CharValue": "CharValue22",
        "DescrCval": "DescrCval22",
        "Name": "Name22"
    },
    {
        "ImFlag": "T",
        "LvPosnr": "mqqLnS",
        "LvVbeln": "dTgGzetRDh",
        "NameChar": "NameChar23",
        "CharValue": "CharValue23",
        "DescrCval": "DescrCval23",
        "Name": "Name23"
    },
    {
        "ImFlag": "T",
        "LvPosnr": "wlhzts",
        "LvVbeln": "CCcuTIROzZ",
        "NameChar": "NameChar24",
        "CharValue": "CharValue24",
        "DescrCval": "DescrCval24",
        "Name": "Name24"
    },
    {
        "ImFlag": "T",
        "LvPosnr": "DkPDfU",
        "LvVbeln": "UJubNbMmqD",
        "NameChar": "NameChar25",
        "CharValue": "CharValue25",
        "DescrCval": "DescrCval25",
        "Name": "Name25"
    },
    {
        "ImFlag": "T",
        "LvPosnr": "biZOzp",
        "LvVbeln": "oliktbATyF",
        "NameChar": "NameChar26",
        "CharValue": "CharValue26",
        "DescrCval": "DescrCval26",
        "Name": "Name26"
    },
    {
        "ImFlag": "T",
        "LvPosnr": "EvUklf",
        "LvVbeln": "GNioEaeDuk",
        "NameChar": "NameChar27",
        "CharValue": "CharValue27",
        "DescrCval": "DescrCval27",
        "Name": "Name27"
    },
    {
        "ImFlag": "T",
        "LvPosnr": "vPmgiM",
        "LvVbeln": "ngVyLBjKEK",
        "NameChar": "NameChar28",
        "CharValue": "CharValue28",
        "DescrCval": "DescrCval28",
        "Name": "Name28"
    },
    {
        "ImFlag": "T",
        "LvPosnr": "fhrkMx",
        "LvVbeln": "hvniCWqzLU",
        "NameChar": "NameChar29",
        "CharValue": "CharValue29",
        "DescrCval": "DescrCval29",
        "Name": "Name29"
    },
    {
        "ImFlag": "T",
        "LvPosnr": "KTVzZZ",
        "LvVbeln": "ZmPOBmXezT",
        "NameChar": "NameChar30",
        "CharValue": "CharValue30",
        "DescrCval": "DescrCval30",
        "Name": "Name30"
    },
    {
        "ImFlag": "T",
        "LvPosnr": "GdYauq",
        "LvVbeln": "TjiFnyUWkK",
        "NameChar": "NameChar31",
        "CharValue": "CharValue31",
        "DescrCval": "DescrCval31",
        "Name": "Name31"
    },
    {
        "ImFlag": "T",
        "LvPosnr": "jVkUZZ",
        "LvVbeln": "LTcrnigFqA",
        "NameChar": "NameChar32",
        "CharValue": "CharValue32",
        "DescrCval": "DescrCval32",
        "Name": "Name32"
    },
    {
        "ImFlag": "T",
        "LvPosnr": "jbtneN",
        "LvVbeln": "yFSFrQtmlg",
        "NameChar": "NameChar33",
        "CharValue": "CharValue33",
        "DescrCval": "DescrCval33",
        "Name": "Name33"
    },
    {
        "ImFlag": "T",
        "LvPosnr": "heKVVq",
        "LvVbeln": "utbWcwyifa",
        "NameChar": "NameChar34",
        "CharValue": "CharValue34",
        "DescrCval": "DescrCval34",
        "Name": "Name34"
    },
    {
        "ImFlag": "T",
        "LvPosnr": "UIIWfu",
        "LvVbeln": "jtZAefFYvw",
        "NameChar": "NameChar35",
        "CharValue": "CharValue35",
        "DescrCval": "DescrCval35",
        "Name": "Name35"
    },
    {
        "ImFlag": "T",
        "LvPosnr": "CEQVLa",
        "LvVbeln": "tLEbdmIdFX",
        "NameChar": "NameChar36",
        "CharValue": "CharValue36",
        "DescrCval": "DescrCval36",
        "Name": "Name36"
    },
    {
        "ImFlag": "T",
        "LvPosnr": "LiMFlW",
        "LvVbeln": "MblrWSRLQY",
        "NameChar": "NameChar37",
        "CharValue": "CharValue37",
        "DescrCval": "DescrCval37",
        "Name": "Name37"
    },
    {
        "ImFlag": "T",
        "LvPosnr": "qYisHu",
        "LvVbeln": "ELlVBrQzAZ",
        "NameChar": "NameChar38",
        "CharValue": "CharValue38",
        "DescrCval": "DescrCval38",
        "Name": "Name38"
    },
    {
        "ImFlag": "T",
        "LvPosnr": "aGXoXg",
        "LvVbeln": "xGblmpNpCL",
        "NameChar": "NameChar39",
        "CharValue": "CharValue39",
        "DescrCval": "DescrCval39",
        "Name": "Name39"
    },
    {
        "ImFlag": "T",
        "LvPosnr": "lEgOut",
        "LvVbeln": "eiSHLUQoTv",
        "NameChar": "NameChar40",
        "CharValue": "CharValue40",
        "DescrCval": "DescrCval40",
        "Name": "Name40"
    },
    {
        "ImFlag": "T",
        "LvPosnr": "spDWpV",
        "LvVbeln": "ZgkeiQLwPX",
        "NameChar": "NameChar41",
        "CharValue": "CharValue41",
        "DescrCval": "DescrCval41",
        "Name": "Name41"
    },
    {
        "ImFlag": "T",
        "LvPosnr": "HqvaCG",
        "LvVbeln": "DMkZrroazJ",
        "NameChar": "NameChar42",
        "CharValue": "CharValue42",
        "DescrCval": "DescrCval42",
        "Name": "Name42"
    },
    {
        "ImFlag": "T",
        "LvPosnr": "djjGyx",
        "LvVbeln": "XBpGSFTtRQ",
        "NameChar": "NameChar43",
        "CharValue": "CharValue43",
        "DescrCval": "DescrCval43",
        "Name": "Name43"
    },
    {
        "ImFlag": "T",
        "LvPosnr": "qbQpQV",
        "LvVbeln": "eRsqkjYeqj",
        "NameChar": "NameChar44",
        "CharValue": "CharValue44",
        "DescrCval": "DescrCval44",
        "Name": "Name44"
    },
    {
        "ImFlag": "T",
        "LvPosnr": "IKDnOh",
        "LvVbeln": "FnoEaobOCZ",
        "NameChar": "NameChar45",
        "CharValue": "CharValue45",
        "DescrCval": "DescrCval45",
        "Name": "Name45"
    },
    {
        "ImFlag": "T",
        "LvPosnr": "REDtxU",
        "LvVbeln": "VXeWjIlJPn",
        "NameChar": "NameChar46",
        "CharValue": "CharValue46",
        "DescrCval": "DescrCval46",
        "Name": "Name46"
    },
    {
        "ImFlag": "T",
        "LvPosnr": "yfBXcV",
        "LvVbeln": "QbWTDHvwHs",
        "NameChar": "NameChar47",
        "CharValue": "CharValue47",
        "DescrCval": "DescrCval47",
        "Name": "Name47"
    },
    {
        "ImFlag": "T",
        "LvPosnr": "yuENUG",
        "LvVbeln": "QkSonLlMWZ",
        "NameChar": "NameChar48",
        "CharValue": "CharValue48",
        "DescrCval": "DescrCval48",
        "Name": "Name48"
    },
    {
        "ImFlag": "T",
        "LvPosnr": "NwlWFL",
        "LvVbeln": "QLueXNMHBr",
        "NameChar": "NameChar49",
        "CharValue": "CharValue49",
        "DescrCval": "DescrCval49",
        "Name": "Name49"
    },
    {
        "ImFlag": "T",
        "LvPosnr": "UuylIN",
        "LvVbeln": "fLuCCwqKSR",
        "NameChar": "NameChar50",
        "CharValue": "CharValue50",
        "DescrCval": "DescrCval50",
        "Name": "Name50"
    },
    {
        "ImFlag": "T",
        "LvPosnr": "QUSvNI",
        "LvVbeln": "gGmYJjipwv",
        "NameChar": "NameChar51",
        "CharValue": "CharValue51",
        "DescrCval": "DescrCval51",
        "Name": "Name51"
    },
    {
        "ImFlag": "T",
        "LvPosnr": "lKXCQm",
        "LvVbeln": "WqBoTdAaBw",
        "NameChar": "NameChar52",
        "CharValue": "CharValue52",
        "DescrCval": "DescrCval52",
        "Name": "Name52"
    },
    {
        "ImFlag": "T",
        "LvPosnr": "iJheSi",
        "LvVbeln": "OZslDNhdWh",
        "NameChar": "NameChar53",
        "CharValue": "CharValue53",
        "DescrCval": "DescrCval53",
        "Name": "Name53"
    },
    {
        "ImFlag": "T",
        "LvPosnr": "zJaoNH",
        "LvVbeln": "ceaNIOJxbh",
        "NameChar": "NameChar54",
        "CharValue": "CharValue54",
        "DescrCval": "DescrCval54",
        "Name": "Name54"
    },
    {
        "ImFlag": "T",
        "LvPosnr": "Aqosdo",
        "LvVbeln": "wVKjjUsEzV",
        "NameChar": "NameChar55",
        "CharValue": "CharValue55",
        "DescrCval": "DescrCval55",
        "Name": "Name55"
    },
    {
        "ImFlag": "T",
        "LvPosnr": "cLSetr",
        "LvVbeln": "HSaZpDGzhy",
        "NameChar": "NameChar56",
        "CharValue": "CharValue56",
        "DescrCval": "DescrCval56",
        "Name": "Name56"
    },
    {
        "ImFlag": "T",
        "LvPosnr": "TlqVoQ",
        "LvVbeln": "hLIjlQCsRq",
        "NameChar": "NameChar57",
        "CharValue": "CharValue57",
        "DescrCval": "DescrCval57",
        "Name": "Name57"
    },
    {
        "ImFlag": "T",
        "LvPosnr": "zmJWQt",
        "LvVbeln": "auUrrijqXS",
        "NameChar": "NameChar58",
        "CharValue": "CharValue58",
        "DescrCval": "DescrCval58",
        "Name": "Name58"
    },
    {
        "ImFlag": "T",
        "LvPosnr": "lclPtH",
        "LvVbeln": "YbjWZZTqKJ",
        "NameChar": "NameChar59",
        "CharValue": "CharValue59",
        "DescrCval": "DescrCval59",
        "Name": "Name59"
    },
    {
        "ImFlag": "T",
        "LvPosnr": "MgSqSM",
        "LvVbeln": "DTPEPBdIlr",
        "NameChar": "NameChar60",
        "CharValue": "CharValue60",
        "DescrCval": "DescrCval60",
        "Name": "Name60"
    },
    {
        "ImFlag": "T",
        "LvPosnr": "umEvhO",
        "LvVbeln": "mpsOslFqwd",
        "NameChar": "NameChar61",
        "CharValue": "CharValue61",
        "DescrCval": "DescrCval61",
        "Name": "Name61"
    },
    {
        "ImFlag": "T",
        "LvPosnr": "SbtaPV",
        "LvVbeln": "gbdLNVbmWw",
        "NameChar": "NameChar62",
        "CharValue": "CharValue62",
        "DescrCval": "DescrCval62",
        "Name": "Name62"
    },
    {
        "ImFlag": "T",
        "LvPosnr": "IPAnqx",
        "LvVbeln": "KrZElOjYBD",
        "NameChar": "NameChar63",
        "CharValue": "CharValue63",
        "DescrCval": "DescrCval63",
        "Name": "Name63"
    },
    {
        "ImFlag": "T",
        "LvPosnr": "gQXguF",
        "LvVbeln": "ajGsowNIaa",
        "NameChar": "NameChar64",
        "CharValue": "CharValue64",
        "DescrCval": "DescrCval64",
        "Name": "Name64"
    },
    {
        "ImFlag": "T",
        "LvPosnr": "IrfkPP",
        "LvVbeln": "gpPXxaFgsP",
        "NameChar": "NameChar65",
        "CharValue": "CharValue65",
        "DescrCval": "DescrCval65",
        "Name": "Name65"
    },
    {
        "ImFlag": "T",
        "LvPosnr": "osyrhu",
        "LvVbeln": "yZVdiLQalJ",
        "NameChar": "NameChar66",
        "CharValue": "CharValue66",
        "DescrCval": "DescrCval66",
        "Name": "Name66"
    },
    {
        "ImFlag": "T",
        "LvPosnr": "NWWVMc",
        "LvVbeln": "VLpvtvGkNB",
        "NameChar": "NameChar67",
        "CharValue": "CharValue67",
        "DescrCval": "DescrCval67",
        "Name": "Name67"
    },
    {
        "ImFlag": "T",
        "LvPosnr": "LIgRJK",
        "LvVbeln": "RebkAjiwNl",
        "NameChar": "NameChar68",
        "CharValue": "CharValue68",
        "DescrCval": "DescrCval68",
        "Name": "Name68"
    },
    {
        "ImFlag": "T",
        "LvPosnr": "qOGBHM",
        "LvVbeln": "RErHOfcCIH",
        "NameChar": "NameChar69",
        "CharValue": "CharValue69",
        "DescrCval": "DescrCval69",
        "Name": "Name69"
    },
    {
        "ImFlag": "T",
        "LvPosnr": "uMmeNn",
        "LvVbeln": "VLtuoQJNHI",
        "NameChar": "NameChar70",
        "CharValue": "CharValue70",
        "DescrCval": "DescrCval70",
        "Name": "Name70"
    },
    {
        "ImFlag": "T",
        "LvPosnr": "pyeEUv",
        "LvVbeln": "zeppkFtEPl",
        "NameChar": "NameChar71",
        "CharValue": "CharValue71",
        "DescrCval": "DescrCval71",
        "Name": "Name71"
    },
    {
        "ImFlag": "T",
        "LvPosnr": "KcYqCj",
        "LvVbeln": "YkKvUJZpaw",
        "NameChar": "NameChar72",
        "CharValue": "CharValue72",
        "DescrCval": "DescrCval72",
        "Name": "Name72"
    },
    {
        "ImFlag": "T",
        "LvPosnr": "hOYRDh",
        "LvVbeln": "jEemepEYPr",
        "NameChar": "NameChar73",
        "CharValue": "CharValue73",
        "DescrCval": "DescrCval73",
        "Name": "Name73"
    },
    {
        "ImFlag": "T",
        "LvPosnr": "yyTSRL",
        "LvVbeln": "odupWMhEfi",
        "NameChar": "NameChar74",
        "CharValue": "CharValue74",
        "DescrCval": "DescrCval74",
        "Name": "Name74"
    },
    {
        "ImFlag": "T",
        "LvPosnr": "shVdfX",
        "LvVbeln": "xmCNHcdXbA",
        "NameChar": "NameChar75",
        "CharValue": "CharValue75",
        "DescrCval": "DescrCval75",
        "Name": "Name75"
    },
    {
        "ImFlag": "T",
        "LvPosnr": "ZFRnvP",
        "LvVbeln": "MUDgCtctGl",
        "NameChar": "NameChar76",
        "CharValue": "CharValue76",
        "DescrCval": "DescrCval76",
        "Name": "Name76"
    },
    {
        "ImFlag": "T",
        "LvPosnr": "RHFDDR",
        "LvVbeln": "tjKgWVpgcD",
        "NameChar": "NameChar77",
        "CharValue": "CharValue77",
        "DescrCval": "DescrCval77",
        "Name": "Name77"
    },
    {
        "ImFlag": "T",
        "LvPosnr": "RnVHLC",
        "LvVbeln": "RbmQwwmQjd",
        "NameChar": "NameChar78",
        "CharValue": "CharValue78",
        "DescrCval": "DescrCval78",
        "Name": "Name78"
    },
    {
        "ImFlag": "T",
        "LvPosnr": "KzihFW",
        "LvVbeln": "tKbPAkuVHP",
        "NameChar": "NameChar79",
        "CharValue": "CharValue79",
        "DescrCval": "DescrCval79",
        "Name": "Name79"
    },
    {
        "ImFlag": "T",
        "LvPosnr": "XWPmSm",
        "LvVbeln": "wcAMKTktSQ",
        "NameChar": "NameChar80",
        "CharValue": "CharValue80",
        "DescrCval": "DescrCval80",
        "Name": "Name80"
    },
    {
        "ImFlag": "T",
        "LvPosnr": "WOHPFS",
        "LvVbeln": "wKErDRrdId",
        "NameChar": "NameChar81",
        "CharValue": "CharValue81",
        "DescrCval": "DescrCval81",
        "Name": "Name81"
    },
    {
        "ImFlag": "T",
        "LvPosnr": "zzHudy",
        "LvVbeln": "IkTfQzFDCG",
        "NameChar": "NameChar82",
        "CharValue": "CharValue82",
        "DescrCval": "DescrCval82",
        "Name": "Name82"
    },
    {
        "ImFlag": "T",
        "LvPosnr": "gTbXtZ",
        "LvVbeln": "fMYGiBwKiq",
        "NameChar": "NameChar83",
        "CharValue": "CharValue83",
        "DescrCval": "DescrCval83",
        "Name": "Name83"
    },
    {
        "ImFlag": "T",
        "LvPosnr": "aCUNYb",
        "LvVbeln": "LwdWlHGrQl",
        "NameChar": "NameChar84",
        "CharValue": "CharValue84",
        "DescrCval": "DescrCval84",
        "Name": "Name84"
    },
    {
        "ImFlag": "T",
        "LvPosnr": "ECvQft",
        "LvVbeln": "BPtFTCBjiZ",
        "NameChar": "NameChar85",
        "CharValue": "CharValue85",
        "DescrCval": "DescrCval85",
        "Name": "Name85"
    },
    {
        "ImFlag": "T",
        "LvPosnr": "tOojhr",
        "LvVbeln": "ytaCToeMSj",
        "NameChar": "NameChar86",
        "CharValue": "CharValue86",
        "DescrCval": "DescrCval86",
        "Name": "Name86"
    },
    {
        "ImFlag": "T",
        "LvPosnr": "OwtWUg",
        "LvVbeln": "iRQHAwVbKG",
        "NameChar": "NameChar87",
        "CharValue": "CharValue87",
        "DescrCval": "DescrCval87",
        "Name": "Name87"
    },
    {
        "ImFlag": "T",
        "LvPosnr": "Oblsno",
        "LvVbeln": "MclCPgPzYQ",
        "NameChar": "NameChar88",
        "CharValue": "CharValue88",
        "DescrCval": "DescrCval88",
        "Name": "Name88"
    },
    {
        "ImFlag": "T",
        "LvPosnr": "xludZD",
        "LvVbeln": "vlBcWNkleB",
        "NameChar": "NameChar89",
        "CharValue": "CharValue89",
        "DescrCval": "DescrCval89",
        "Name": "Name89"
    },
    {
        "ImFlag": "T",
        "LvPosnr": "oEayeV",
        "LvVbeln": "huGQaiPooJ",
        "NameChar": "NameChar90",
        "CharValue": "CharValue90",
        "DescrCval": "DescrCval90",
        "Name": "Name90"
    },
    {
        "ImFlag": "T",
        "LvPosnr": "ahYQXJ",
        "LvVbeln": "YIhNbqXzdM",
        "NameChar": "NameChar91",
        "CharValue": "CharValue91",
        "DescrCval": "DescrCval91",
        "Name": "Name91"
    },
    {
        "ImFlag": "T",
        "LvPosnr": "NOEGdU",
        "LvVbeln": "jEXYgPcgLp",
        "NameChar": "NameChar92",
        "CharValue": "CharValue92",
        "DescrCval": "DescrCval92",
        "Name": "Name92"
    },
    {
        "ImFlag": "T",
        "LvPosnr": "MMsueZ",
        "LvVbeln": "ydvmFaiKdl",
        "NameChar": "NameChar93",
        "CharValue": "CharValue93",
        "DescrCval": "DescrCval93",
        "Name": "Name93"
    },
    {
        "ImFlag": "T",
        "LvPosnr": "QJvUQP",
        "LvVbeln": "uJDDbdpxxd",
        "NameChar": "NameChar94",
        "CharValue": "CharValue94",
        "DescrCval": "DescrCval94",
        "Name": "Name94"
    },
    {
        "ImFlag": "T",
        "LvPosnr": "kXLrzv",
        "LvVbeln": "xOJvEAuifS",
        "NameChar": "NameChar95",
        "CharValue": "CharValue95",
        "DescrCval": "DescrCval95",
        "Name": "Name95"
    },
    {
        "ImFlag": "T",
        "LvPosnr": "SweidA",
        "LvVbeln": "gGCCjvGpBr",
        "NameChar": "NameChar96",
        "CharValue": "CharValue96",
        "DescrCval": "DescrCval96",
        "Name": "Name96"
    },
    {
        "ImFlag": "T",
        "LvPosnr": "uFhEuS",
        "LvVbeln": "tYpJVieLia",
        "NameChar": "NameChar97",
        "CharValue": "CharValue97",
        "DescrCval": "DescrCval97",
        "Name": "Name97"
    },
    {
        "ImFlag": "T",
        "LvPosnr": "KQfhLn",
        "LvVbeln": "iMzpzUNNcr",
        "NameChar": "NameChar98",
        "CharValue": "CharValue98",
        "DescrCval": "DescrCval98",
        "Name": "Name98"
    },
    {
        "ImFlag": "T",
        "LvPosnr": "IZOLWg",
        "LvVbeln": "YBfKbVaMhS",
        "NameChar": "NameChar99",
        "CharValue": "CharValue99",
        "DescrCval": "DescrCval99",
        "Name": "Name99"
    },
    {
        "ImFlag": "T",
        "LvPosnr": "xBqJcz",
        "LvVbeln": "CtQQLOurnT",
        "NameChar": "NameChar100",
        "CharValue": "CharValue100",
        "DescrCval": "DescrCval100",
        "Name": "Name100"
    },
    {
        "ImFlag": "T",
        "LvPosnr": "eGhXzj",
        "LvVbeln": "ZPDcMjozXl",
        "NameChar": "NameChar101",
        "CharValue": "CharValue101",
        "DescrCval": "DescrCval101",
        "Name": "Name101"
    },
    {
        "ImFlag": "T",
        "LvPosnr": "XssJLs",
        "LvVbeln": "WXMMiQIqsp",
        "NameChar": "NameChar102",
        "CharValue": "CharValue102",
        "DescrCval": "DescrCval102",
        "Name": "Name102"
    },
    {
        "ImFlag": "T",
        "LvPosnr": "VcGISX",
        "LvVbeln": "bCHuhuYEOe",
        "NameChar": "NameChar103",
        "CharValue": "CharValue103",
        "DescrCval": "DescrCval103",
        "Name": "Name103"
    },
    {
        "ImFlag": "T",
        "LvPosnr": "FTjqGZ",
        "LvVbeln": "ynreYUUvAP",
        "NameChar": "NameChar104",
        "CharValue": "CharValue104",
        "DescrCval": "DescrCval104",
        "Name": "Name104"
    },
    {
        "ImFlag": "T",
        "LvPosnr": "lXxfLG",
        "LvVbeln": "fZFveITeyg",
        "NameChar": "NameChar105",
        "CharValue": "CharValue105",
        "DescrCval": "DescrCval105",
        "Name": "Name105"
    },
    {
        "ImFlag": "T",
        "LvPosnr": "WSXAeb",
        "LvVbeln": "PIerTnTteH",
        "NameChar": "NameChar106",
        "CharValue": "CharValue106",
        "DescrCval": "DescrCval106",
        "Name": "Name106"
    },
    {
        "ImFlag": "T",
        "LvPosnr": "hkcLMn",
        "LvVbeln": "DlheeMbWpA",
        "NameChar": "NameChar107",
        "CharValue": "CharValue107",
        "DescrCval": "DescrCval107",
        "Name": "Name107"
    },
    {
        "ImFlag": "T",
        "LvPosnr": "NBcDuu",
        "LvVbeln": "aXRoEevNXe",
        "NameChar": "NameChar108",
        "CharValue": "CharValue108",
        "DescrCval": "DescrCval108",
        "Name": "Name108"
    },
    {
        "ImFlag": "T",
        "LvPosnr": "WfdwWJ",
        "LvVbeln": "xgXkZHaCXp",
        "NameChar": "NameChar109",
        "CharValue": "CharValue109",
        "DescrCval": "DescrCval109",
        "Name": "Name109"
    },
    {
        "ImFlag": "T",
        "LvPosnr": "DxLDmn",
        "LvVbeln": "xCzVkLhfqa",
        "NameChar": "NameChar110",
        "CharValue": "CharValue110",
        "DescrCval": "DescrCval110",
        "Name": "Name110"
    },
    {
        "ImFlag": "T",
        "LvPosnr": "MxSAAE",
        "LvVbeln": "LmUSSkJYpy",
        "NameChar": "NameChar111",
        "CharValue": "CharValue111",
        "DescrCval": "DescrCval111",
        "Name": "Name111"
    },
    {
        "ImFlag": "T",
        "LvPosnr": "vbCjot",
        "LvVbeln": "llFCsvCsOa",
        "NameChar": "NameChar112",
        "CharValue": "CharValue112",
        "DescrCval": "DescrCval112",
        "Name": "Name112"
    },
    {
        "ImFlag": "T",
        "LvPosnr": "HcepQG",
        "LvVbeln": "MJFkXPlRBi",
        "NameChar": "NameChar113",
        "CharValue": "CharValue113",
        "DescrCval": "DescrCval113",
        "Name": "Name113"
    },
    {
        "ImFlag": "T",
        "LvPosnr": "JlqLAg",
        "LvVbeln": "ntVJyXhiVT",
        "NameChar": "NameChar114",
        "CharValue": "CharValue114",
        "DescrCval": "DescrCval114",
        "Name": "Name114"
    },
    {
        "ImFlag": "T",
        "LvPosnr": "idYzZw",
        "LvVbeln": "ZUUcYufdDC",
        "NameChar": "NameChar115",
        "CharValue": "CharValue115",
        "DescrCval": "DescrCval115",
        "Name": "Name115"
    },
    {
        "ImFlag": "T",
        "LvPosnr": "IEKCZK",
        "LvVbeln": "YRMwCyNhEy",
        "NameChar": "NameChar116",
        "CharValue": "CharValue116",
        "DescrCval": "DescrCval116",
        "Name": "Name116"
    },
    {
        "ImFlag": "T",
        "LvPosnr": "VSSHVq",
        "LvVbeln": "WKnFSjIFHD",
        "NameChar": "NameChar117",
        "CharValue": "CharValue117",
        "DescrCval": "DescrCval117",
        "Name": "Name117"
    },
    {
        "ImFlag": "T",
        "LvPosnr": "OflwAs",
        "LvVbeln": "CvWNgVJRcg",
        "NameChar": "NameChar118",
        "CharValue": "CharValue118",
        "DescrCval": "DescrCval118",
        "Name": "Name118"
    },
    {
        "ImFlag": "T",
        "LvPosnr": "fcnSOZ",
        "LvVbeln": "PPPOUegbBy",
        "NameChar": "NameChar119",
        "CharValue": "CharValue119",
        "DescrCval": "DescrCval119",
        "Name": "Name119"
    },
    {
        "ImFlag": "T",
        "LvPosnr": "plyUhs",
        "LvVbeln": "kDMXHrPVqZ",
        "NameChar": "NameChar120",
        "CharValue": "CharValue120",
        "DescrCval": "DescrCval120",
        "Name": "Name120"
    },
    {
        "ImFlag": "T",
        "LvPosnr": "KGrIKG",
        "LvVbeln": "mgDdxfVdXe",
        "NameChar": "NameChar121",
        "CharValue": "CharValue121",
        "DescrCval": "DescrCval121",
        "Name": "Name121"
    },
    {
        "ImFlag": "T",
        "LvPosnr": "FIrGEr",
        "LvVbeln": "VPKqfZoAUX",
        "NameChar": "NameChar122",
        "CharValue": "CharValue122",
        "DescrCval": "DescrCval122",
        "Name": "Name122"
    },
    {
        "ImFlag": "T",
        "LvPosnr": "OansyC",
        "LvVbeln": "UzTmkaBqRu",
        "NameChar": "NameChar123",
        "CharValue": "CharValue123",
        "DescrCval": "DescrCval123",
        "Name": "Name123"
    },
    {
        "ImFlag": "T",
        "LvPosnr": "mQIZph",
        "LvVbeln": "SoIwmYQsqI",
        "NameChar": "NameChar124",
        "CharValue": "CharValue124",
        "DescrCval": "DescrCval124",
        "Name": "Name124"
    },
    {
        "ImFlag": "T",
        "LvPosnr": "YfsExH",
        "LvVbeln": "NGCHoaCYpW",
        "NameChar": "NameChar125",
        "CharValue": "CharValue125",
        "DescrCval": "DescrCval125",
        "Name": "Name125"
    },
    {
        "ImFlag": "T",
        "LvPosnr": "IetmVr",
        "LvVbeln": "DWHxjSjneF",
        "NameChar": "NameChar126",
        "CharValue": "CharValue126",
        "DescrCval": "DescrCval126",
        "Name": "Name126"
    },
    {
        "ImFlag": "T",
        "LvPosnr": "lBXJkp",
        "LvVbeln": "qqgRVUgodL",
        "NameChar": "NameChar127",
        "CharValue": "CharValue127",
        "DescrCval": "DescrCval127",
        "Name": "Name127"
    },
    {
        "ImFlag": "T",
        "LvPosnr": "UfJGQm",
        "LvVbeln": "LiVXdfeWql",
        "NameChar": "NameChar128",
        "CharValue": "CharValue128",
        "DescrCval": "DescrCval128",
        "Name": "Name128"
    },
    {
        "ImFlag": "T",
        "LvPosnr": "fDkPiw",
        "LvVbeln": "ayFJJRleZl",
        "NameChar": "NameChar129",
        "CharValue": "CharValue129",
        "DescrCval": "DescrCval129",
        "Name": "Name129"
    },
    {
        "ImFlag": "T",
        "LvPosnr": "wfkvuG",
        "LvVbeln": "yhQwbUxPsS",
        "NameChar": "NameChar130",
        "CharValue": "CharValue130",
        "DescrCval": "DescrCval130",
        "Name": "Name130"
    },
    {
        "ImFlag": "T",
        "LvPosnr": "SyYhNV",
        "LvVbeln": "XRJnvjaSFz",
        "NameChar": "NameChar131",
        "CharValue": "CharValue131",
        "DescrCval": "DescrCval131",
        "Name": "Name131"
    },
    {
        "ImFlag": "T",
        "LvPosnr": "jfJkWt",
        "LvVbeln": "TBhKUAhubA",
        "NameChar": "NameChar132",
        "CharValue": "CharValue132",
        "DescrCval": "DescrCval132",
        "Name": "Name132"
    },
    {
        "ImFlag": "T",
        "LvPosnr": "FFJbnb",
        "LvVbeln": "dOopyrKPFL",
        "NameChar": "NameChar133",
        "CharValue": "CharValue133",
        "DescrCval": "DescrCval133",
        "Name": "Name133"
    },
    {
        "ImFlag": "T",
        "LvPosnr": "BLovUr",
        "LvVbeln": "JNAppKeEgA",
        "NameChar": "NameChar134",
        "CharValue": "CharValue134",
        "DescrCval": "DescrCval134",
        "Name": "Name134"
    },
    {
        "ImFlag": "T",
        "LvPosnr": "lXJTRh",
        "LvVbeln": "vOiCLbnigH",
        "NameChar": "NameChar135",
        "CharValue": "CharValue135",
        "DescrCval": "DescrCval135",
        "Name": "Name135"
    },
    {
        "ImFlag": "T",
        "LvPosnr": "TwlMoy",
        "LvVbeln": "vXuZrPNPnM",
        "NameChar": "NameChar136",
        "CharValue": "CharValue136",
        "DescrCval": "DescrCval136",
        "Name": "Name136"
    },
    {
        "ImFlag": "T",
        "LvPosnr": "GLqXdb",
        "LvVbeln": "wvHRMAqfyw",
        "NameChar": "NameChar137",
        "CharValue": "CharValue137",
        "DescrCval": "DescrCval137",
        "Name": "Name137"
    },
    {
        "ImFlag": "T",
        "LvPosnr": "DVukqx",
        "LvVbeln": "haCQJKIeCh",
        "NameChar": "NameChar138",
        "CharValue": "CharValue138",
        "DescrCval": "DescrCval138",
        "Name": "Name138"
    },
    {
        "ImFlag": "T",
        "LvPosnr": "LoRRHB",
        "LvVbeln": "esqOfBPmOH",
        "NameChar": "NameChar139",
        "CharValue": "CharValue139",
        "DescrCval": "DescrCval139",
        "Name": "Name139"
    },
    {
        "ImFlag": "T",
        "LvPosnr": "YFjPNG",
        "LvVbeln": "bPLMsuxHTR",
        "NameChar": "NameChar140",
        "CharValue": "CharValue140",
        "DescrCval": "DescrCval140",
        "Name": "Name140"
    },
    {
        "ImFlag": "T",
        "LvPosnr": "cUozKs",
        "LvVbeln": "PBlWviUYUU",
        "NameChar": "NameChar141",
        "CharValue": "CharValue141",
        "DescrCval": "DescrCval141",
        "Name": "Name141"
    },
    {
        "ImFlag": "T",
        "LvPosnr": "cRIXFr",
        "LvVbeln": "cTdGuzGSfR",
        "NameChar": "NameChar142",
        "CharValue": "CharValue142",
        "DescrCval": "DescrCval142",
        "Name": "Name142"
    },
    {
        "ImFlag": "T",
        "LvPosnr": "SsUzmT",
        "LvVbeln": "HpAKfSAHUg",
        "NameChar": "NameChar143",
        "CharValue": "CharValue143",
        "DescrCval": "DescrCval143",
        "Name": "Name143"
    },
    {
        "ImFlag": "T",
        "LvPosnr": "xWsysQ",
        "LvVbeln": "dKCOMDAAxW",
        "NameChar": "NameChar144",
        "CharValue": "CharValue144",
        "DescrCval": "DescrCval144",
        "Name": "Name144"
    },
    {
        "ImFlag": "T",
        "LvPosnr": "CNQhuh",
        "LvVbeln": "pYjRkKxlCR",
        "NameChar": "NameChar145",
        "CharValue": "CharValue145",
        "DescrCval": "DescrCval145",
        "Name": "Name145"
    },
    {
        "ImFlag": "T",
        "LvPosnr": "BDxedz",
        "LvVbeln": "iRdrnWlaOb",
        "NameChar": "NameChar146",
        "CharValue": "CharValue146",
        "DescrCval": "DescrCval146",
        "Name": "Name146"
    },
    {
        "ImFlag": "T",
        "LvPosnr": "gQtqbh",
        "LvVbeln": "jVdNHxbSpp",
        "NameChar": "NameChar147",
        "CharValue": "CharValue147",
        "DescrCval": "DescrCval147",
        "Name": "Name147"
    },
    {
        "ImFlag": "T",
        "LvPosnr": "mvubVE",
        "LvVbeln": "JcrBcdxjLy",
        "NameChar": "NameChar148",
        "CharValue": "CharValue148",
        "DescrCval": "DescrCval148",
        "Name": "Name148"
    },
    {
        "ImFlag": "T",
        "LvPosnr": "IqcCFu",
        "LvVbeln": "tUwvBcjpap",
        "NameChar": "NameChar149",
        "CharValue": "CharValue149",
        "DescrCval": "DescrCval149",
        "Name": "Name149"
    },
    {
        "ImFlag": "T",
        "LvPosnr": "KKyohI",
        "LvVbeln": "YmfdkcCvUw",
        "NameChar": "NameChar150",
        "CharValue": "CharValue150",
        "DescrCval": "DescrCval150",
        "Name": "Name150"
    },
    {
        "ImFlag": "T",
        "LvPosnr": "LZzzJn",
        "LvVbeln": "ETGZoSNBfF",
        "NameChar": "NameChar151",
        "CharValue": "CharValue151",
        "DescrCval": "DescrCval151",
        "Name": "Name151"
    },
    {
        "ImFlag": "T",
        "LvPosnr": "HFDgOp",
        "LvVbeln": "fazGJLoraE",
        "NameChar": "NameChar152",
        "CharValue": "CharValue152",
        "DescrCval": "DescrCval152",
        "Name": "Name152"
    },
    {
        "ImFlag": "T",
        "LvPosnr": "crBYTl",
        "LvVbeln": "wrFjOASztr",
        "NameChar": "NameChar153",
        "CharValue": "CharValue153",
        "DescrCval": "DescrCval153",
        "Name": "Name153"
    },
    {
        "ImFlag": "T",
        "LvPosnr": "bRwkFS",
        "LvVbeln": "ZTpYmjLmUl",
        "NameChar": "NameChar154",
        "CharValue": "CharValue154",
        "DescrCval": "DescrCval154",
        "Name": "Name154"
    },
    {
        "ImFlag": "T",
        "LvPosnr": "PJbQKX",
        "LvVbeln": "IoKmWUSWmY",
        "NameChar": "NameChar155",
        "CharValue": "CharValue155",
        "DescrCval": "DescrCval155",
        "Name": "Name155"
    },
    {
        "ImFlag": "T",
        "LvPosnr": "tfNzWr",
        "LvVbeln": "ekMAfotKrd",
        "NameChar": "NameChar156",
        "CharValue": "CharValue156",
        "DescrCval": "DescrCval156",
        "Name": "Name156"
    },
    {
        "ImFlag": "T",
        "LvPosnr": "xGPuKA",
        "LvVbeln": "PyQDwlHeTu",
        "NameChar": "NameChar157",
        "CharValue": "CharValue157",
        "DescrCval": "DescrCval157",
        "Name": "Name157"
    },
    {
        "ImFlag": "T",
        "LvPosnr": "mDnpFl",
        "LvVbeln": "SaRESItbUT",
        "NameChar": "NameChar158",
        "CharValue": "CharValue158",
        "DescrCval": "DescrCval158",
        "Name": "Name158"
    },
    {
        "ImFlag": "T",
        "LvPosnr": "fDfhxk",
        "LvVbeln": "crPuycBoDW",
        "NameChar": "NameChar159",
        "CharValue": "CharValue159",
        "DescrCval": "DescrCval159",
        "Name": "Name159"
    },
    {
        "ImFlag": "T",
        "LvPosnr": "OWolqu",
        "LvVbeln": "fWJZEINOzd",
        "NameChar": "NameChar160",
        "CharValue": "CharValue160",
        "DescrCval": "DescrCval160",
        "Name": "Name160"
    },
    {
        "ImFlag": "T",
        "LvPosnr": "ADwHYV",
        "LvVbeln": "PomuTXIOhO",
        "NameChar": "NameChar161",
        "CharValue": "CharValue161",
        "DescrCval": "DescrCval161",
        "Name": "Name161"
    },
    {
        "ImFlag": "T",
        "LvPosnr": "BXXPEA",
        "LvVbeln": "MRtjvLFRlw",
        "NameChar": "NameChar162",
        "CharValue": "CharValue162",
        "DescrCval": "DescrCval162",
        "Name": "Name162"
    },
    {
        "ImFlag": "T",
        "LvPosnr": "kqtJaa",
        "LvVbeln": "mkVVSkgEBe",
        "NameChar": "NameChar163",
        "CharValue": "CharValue163",
        "DescrCval": "DescrCval163",
        "Name": "Name163"
    },
    {
        "ImFlag": "T",
        "LvPosnr": "QpYrzI",
        "LvVbeln": "fjTdnKRZuw",
        "NameChar": "NameChar164",
        "CharValue": "CharValue164",
        "DescrCval": "DescrCval164",
        "Name": "Name164"
    },
    {
        "ImFlag": "T",
        "LvPosnr": "IAMgEV",
        "LvVbeln": "gJetbxNfIi",
        "NameChar": "NameChar165",
        "CharValue": "CharValue165",
        "DescrCval": "DescrCval165",
        "Name": "Name165"
    },
    {
        "ImFlag": "T",
        "LvPosnr": "OAtucb",
        "LvVbeln": "siDzdBUFql",
        "NameChar": "NameChar166",
        "CharValue": "CharValue166",
        "DescrCval": "DescrCval166",
        "Name": "Name166"
    },
    {
        "ImFlag": "T",
        "LvPosnr": "nRitMC",
        "LvVbeln": "bYvDvIRZDC",
        "NameChar": "NameChar167",
        "CharValue": "CharValue167",
        "DescrCval": "DescrCval167",
        "Name": "Name167"
    },
    {
        "ImFlag": "T",
        "LvPosnr": "QoOZVj",
        "LvVbeln": "ryLNQUAVej",
        "NameChar": "NameChar168",
        "CharValue": "CharValue168",
        "DescrCval": "DescrCval168",
        "Name": "Name168"
    },
    {
        "ImFlag": "T",
        "LvPosnr": "sqsYuI",
        "LvVbeln": "fktcmnZyEU",
        "NameChar": "NameChar169",
        "CharValue": "CharValue169",
        "DescrCval": "DescrCval169",
        "Name": "Name169"
    },
    {
        "ImFlag": "T",
        "LvPosnr": "zBMUeE",
        "LvVbeln": "tnNNgNJaAD",
        "NameChar": "NameChar170",
        "CharValue": "CharValue170",
        "DescrCval": "DescrCval170",
        "Name": "Name170"
    },
    {
        "ImFlag": "T",
        "LvPosnr": "YIokWK",
        "LvVbeln": "hoQlLKjgiC",
        "NameChar": "NameChar171",
        "CharValue": "CharValue171",
        "DescrCval": "DescrCval171",
        "Name": "Name171"
    },
    {
        "ImFlag": "T",
        "LvPosnr": "WkqKmM",
        "LvVbeln": "yZSIEGQXFJ",
        "NameChar": "NameChar172",
        "CharValue": "CharValue172",
        "DescrCval": "DescrCval172",
        "Name": "Name172"
    },
    {
        "ImFlag": "T",
        "LvPosnr": "OUskfY",
        "LvVbeln": "rfamahuGSU",
        "NameChar": "NameChar173",
        "CharValue": "CharValue173",
        "DescrCval": "DescrCval173",
        "Name": "Name173"
    },
    {
        "ImFlag": "T",
        "LvPosnr": "uPyhKt",
        "LvVbeln": "FyoQLCVsmj",
        "NameChar": "NameChar174",
        "CharValue": "CharValue174",
        "DescrCval": "DescrCval174",
        "Name": "Name174"
    },
    {
        "ImFlag": "T",
        "LvPosnr": "rXsQku",
        "LvVbeln": "HLybcuRMnK",
        "NameChar": "NameChar175",
        "CharValue": "CharValue175",
        "DescrCval": "DescrCval175",
        "Name": "Name175"
    },
    {
        "ImFlag": "T",
        "LvPosnr": "AYnLia",
        "LvVbeln": "ksQWGniXxd",
        "NameChar": "NameChar176",
        "CharValue": "CharValue176",
        "DescrCval": "DescrCval176",
        "Name": "Name176"
    },
    {
        "ImFlag": "T",
        "LvPosnr": "TKVfoo",
        "LvVbeln": "vABYvywtGW",
        "NameChar": "NameChar177",
        "CharValue": "CharValue177",
        "DescrCval": "DescrCval177",
        "Name": "Name177"
    },
    {
        "ImFlag": "T",
        "LvPosnr": "dZnKBL",
        "LvVbeln": "BeekUlMCrD",
        "NameChar": "NameChar178",
        "CharValue": "CharValue178",
        "DescrCval": "DescrCval178",
        "Name": "Name178"
    },
    {
        "ImFlag": "T",
        "LvPosnr": "flQoXa",
        "LvVbeln": "YnsZsOnkxo",
        "NameChar": "NameChar179",
        "CharValue": "CharValue179",
        "DescrCval": "DescrCval179",
        "Name": "Name179"
    },
    {
        "ImFlag": "T",
        "LvPosnr": "OLmeVH",
        "LvVbeln": "lRELTXThlJ",
        "NameChar": "NameChar180",
        "CharValue": "CharValue180",
        "DescrCval": "DescrCval180",
        "Name": "Name180"
    },
    {
        "ImFlag": "T",
        "LvPosnr": "HkIHkR",
        "LvVbeln": "FxuTBocOdq",
        "NameChar": "NameChar181",
        "CharValue": "CharValue181",
        "DescrCval": "DescrCval181",
        "Name": "Name181"
    },
    {
        "ImFlag": "T",
        "LvPosnr": "oJBokx",
        "LvVbeln": "iKlJyinMUo",
        "NameChar": "NameChar182",
        "CharValue": "CharValue182",
        "DescrCval": "DescrCval182",
        "Name": "Name182"
    },
    {
        "ImFlag": "T",
        "LvPosnr": "ZmyflB",
        "LvVbeln": "twANJGPijO",
        "NameChar": "NameChar183",
        "CharValue": "CharValue183",
        "DescrCval": "DescrCval183",
        "Name": "Name183"
    },
    {
        "ImFlag": "T",
        "LvPosnr": "hbPdNL",
        "LvVbeln": "rtiITLTsYm",
        "NameChar": "NameChar184",
        "CharValue": "CharValue184",
        "DescrCval": "DescrCval184",
        "Name": "Name184"
    },
    {
        "ImFlag": "T",
        "LvPosnr": "rjoUMZ",
        "LvVbeln": "rUttousdyP",
        "NameChar": "NameChar185",
        "CharValue": "CharValue185",
        "DescrCval": "DescrCval185",
        "Name": "Name185"
    },
    {
        "ImFlag": "T",
        "LvPosnr": "prJZZh",
        "LvVbeln": "yWMPxSbRjU",
        "NameChar": "NameChar186",
        "CharValue": "CharValue186",
        "DescrCval": "DescrCval186",
        "Name": "Name186"
    },
    {
        "ImFlag": "T",
        "LvPosnr": "NPyoHS",
        "LvVbeln": "mzQPypCySj",
        "NameChar": "NameChar187",
        "CharValue": "CharValue187",
        "DescrCval": "DescrCval187",
        "Name": "Name187"
    },
    {
        "ImFlag": "T",
        "LvPosnr": "gtccnb",
        "LvVbeln": "GlGEpYyvOk",
        "NameChar": "NameChar188",
        "CharValue": "CharValue188",
        "DescrCval": "DescrCval188",
        "Name": "Name188"
    },
    {
        "ImFlag": "T",
        "LvPosnr": "UUFbjo",
        "LvVbeln": "wPRXbEduod",
        "NameChar": "NameChar189",
        "CharValue": "CharValue189",
        "DescrCval": "DescrCval189",
        "Name": "Name189"
    },
    {
        "ImFlag": "T",
        "LvPosnr": "cQEdYb",
        "LvVbeln": "BCEOAEVbKh",
        "NameChar": "NameChar190",
        "CharValue": "CharValue190",
        "DescrCval": "DescrCval190",
        "Name": "Name190"
    },
    {
        "ImFlag": "T",
        "LvPosnr": "HeJrAY",
        "LvVbeln": "lKVarwmuUz",
        "NameChar": "NameChar191",
        "CharValue": "CharValue191",
        "DescrCval": "DescrCval191",
        "Name": "Name191"
    },
    {
        "ImFlag": "T",
        "LvPosnr": "ifCPvh",
        "LvVbeln": "WcaBjGzzwZ",
        "NameChar": "NameChar192",
        "CharValue": "CharValue192",
        "DescrCval": "DescrCval192",
        "Name": "Name192"
    },
    {
        "ImFlag": "T",
        "LvPosnr": "CSQzVz",
        "LvVbeln": "jgqDLdOtkN",
        "NameChar": "NameChar193",
        "CharValue": "CharValue193",
        "DescrCval": "DescrCval193",
        "Name": "Name193"
    },
    {
        "ImFlag": "T",
        "LvPosnr": "plUtZM",
        "LvVbeln": "tdqHZJGSYI",
        "NameChar": "NameChar194",
        "CharValue": "CharValue194",
        "DescrCval": "DescrCval194",
        "Name": "Name194"
    },
    {
        "ImFlag": "T",
        "LvPosnr": "SqRpjF",
        "LvVbeln": "hkteXrDhLE",
        "NameChar": "NameChar195",
        "CharValue": "CharValue195",
        "DescrCval": "DescrCval195",
        "Name": "Name195"
    },
    {
        "ImFlag": "T",
        "LvPosnr": "eMOIoP",
        "LvVbeln": "euBoPkmYmn",
        "NameChar": "NameChar196",
        "CharValue": "CharValue196",
        "DescrCval": "DescrCval196",
        "Name": "Name196"
    },
    {
        "ImFlag": "T",
        "LvPosnr": "sfVlhV",
        "LvVbeln": "xvrBasbZbc",
        "NameChar": "NameChar197",
        "CharValue": "CharValue197",
        "DescrCval": "DescrCval197",
        "Name": "Name197"
    },
    {
        "ImFlag": "T",
        "LvPosnr": "xWWvfB",
        "LvVbeln": "dkNRbqNgtJ",
        "NameChar": "NameChar198",
        "CharValue": "CharValue198",
        "DescrCval": "DescrCval198",
        "Name": "Name198"
    },
    {
        "ImFlag": "T",
        "LvPosnr": "mmVbVb",
        "LvVbeln": "qEqomcsrBe",
        "NameChar": "NameChar199",
        "CharValue": "CharValue199",
        "DescrCval": "DescrCval199",
        "Name": "Name199"
    },
    {
        "ImFlag": "T",
        "LvPosnr": "ImQAXJ",
        "LvVbeln": "IUdGPUmzro",
        "NameChar": "NameChar200",
        "CharValue": "CharValue200",
        "DescrCval": "DescrCval200",
        "Name": "Name200"
    },
    {
        "ImFlag": "T",
        "LvPosnr": "WukiFh",
        "LvVbeln": "mzLPgrJPvX",
        "NameChar": "NameChar201",
        "CharValue": "CharValue201",
        "DescrCval": "DescrCval201",
        "Name": "Name201"
    },
    {
        "ImFlag": "T",
        "LvPosnr": "ONEhXT",
        "LvVbeln": "JFJNZdnseQ",
        "NameChar": "NameChar202",
        "CharValue": "CharValue202",
        "DescrCval": "DescrCval202",
        "Name": "Name202"
    },
    {
        "ImFlag": "T",
        "LvPosnr": "tKKJnV",
        "LvVbeln": "ENyYGMFoJS",
        "NameChar": "NameChar203",
        "CharValue": "CharValue203",
        "DescrCval": "DescrCval203",
        "Name": "Name203"
    },
    {
        "ImFlag": "T",
        "LvPosnr": "txrdvf",
        "LvVbeln": "uxQtLBScpv",
        "NameChar": "NameChar204",
        "CharValue": "CharValue204",
        "DescrCval": "DescrCval204",
        "Name": "Name204"
    },
    {
        "ImFlag": "T",
        "LvPosnr": "PtVQbK",
        "LvVbeln": "FCHZsHnSQX",
        "NameChar": "NameChar205",
        "CharValue": "CharValue205",
        "DescrCval": "DescrCval205",
        "Name": "Name205"
    },
    {
        "ImFlag": "T",
        "LvPosnr": "axlggv",
        "LvVbeln": "lbYxEsFecN",
        "NameChar": "NameChar206",
        "CharValue": "CharValue206",
        "DescrCval": "DescrCval206",
        "Name": "Name206"
    },
    {
        "ImFlag": "T",
        "LvPosnr": "BrWFfP",
        "LvVbeln": "wsTEFGDbnI",
        "NameChar": "NameChar207",
        "CharValue": "CharValue207",
        "DescrCval": "DescrCval207",
        "Name": "Name207"
    },
    {
        "ImFlag": "T",
        "LvPosnr": "pzuvNk",
        "LvVbeln": "cBfLaNsmwl",
        "NameChar": "NameChar208",
        "CharValue": "CharValue208",
        "DescrCval": "DescrCval208",
        "Name": "Name208"
    },
    {
        "ImFlag": "T",
        "LvPosnr": "uWxXqt",
        "LvVbeln": "gyfvKMxVpQ",
        "NameChar": "NameChar209",
        "CharValue": "CharValue209",
        "DescrCval": "DescrCval209",
        "Name": "Name209"
    },
    {
        "ImFlag": "T",
        "LvPosnr": "PCETHl",
        "LvVbeln": "wJDzBJntXG",
        "NameChar": "NameChar210",
        "CharValue": "CharValue210",
        "DescrCval": "DescrCval210",
        "Name": "Name210"
    },
    {
        "ImFlag": "T",
        "LvPosnr": "kTITek",
        "LvVbeln": "EVnDjmoMPv",
        "NameChar": "NameChar211",
        "CharValue": "CharValue211",
        "DescrCval": "DescrCval211",
        "Name": "Name211"
    },
    {
        "ImFlag": "T",
        "LvPosnr": "vmyzae",
        "LvVbeln": "mWYPiiCmWM",
        "NameChar": "NameChar212",
        "CharValue": "CharValue212",
        "DescrCval": "DescrCval212",
        "Name": "Name212"
    },
    {
        "ImFlag": "T",
        "LvPosnr": "CxnmDd",
        "LvVbeln": "LaUIXAxfWJ",
        "NameChar": "NameChar213",
        "CharValue": "CharValue213",
        "DescrCval": "DescrCval213",
        "Name": "Name213"
    },
    {
        "ImFlag": "T",
        "LvPosnr": "rGBhQH",
        "LvVbeln": "pCxCezDLXh",
        "NameChar": "NameChar214",
        "CharValue": "CharValue214",
        "DescrCval": "DescrCval214",
        "Name": "Name214"
    },
    {
        "ImFlag": "T",
        "LvPosnr": "ytfHRQ",
        "LvVbeln": "chRRSTdQOK",
        "NameChar": "NameChar215",
        "CharValue": "CharValue215",
        "DescrCval": "DescrCval215",
        "Name": "Name215"
    },
    {
        "ImFlag": "T",
        "LvPosnr": "KXMzhO",
        "LvVbeln": "fZkmNzlhnT",
        "NameChar": "NameChar216",
        "CharValue": "CharValue216",
        "DescrCval": "DescrCval216",
        "Name": "Name216"
    },
    {
        "ImFlag": "T",
        "LvPosnr": "GGtoxZ",
        "LvVbeln": "oNwKjFVFjy",
        "NameChar": "NameChar217",
        "CharValue": "CharValue217",
        "DescrCval": "DescrCval217",
        "Name": "Name217"
    },
    {
        "ImFlag": "T",
        "LvPosnr": "ZPPyrL",
        "LvVbeln": "BJUTrRwKga",
        "NameChar": "NameChar218",
        "CharValue": "CharValue218",
        "DescrCval": "DescrCval218",
        "Name": "Name218"
    },
    {
        "ImFlag": "T",
        "LvPosnr": "WjMmhr",
        "LvVbeln": "PuiIMMyMPP",
        "NameChar": "NameChar219",
        "CharValue": "CharValue219",
        "DescrCval": "DescrCval219",
        "Name": "Name219"
    },
    {
        "ImFlag": "T",
        "LvPosnr": "SAkSOH",
        "LvVbeln": "RigpXAuGEm",
        "NameChar": "NameChar220",
        "CharValue": "CharValue220",
        "DescrCval": "DescrCval220",
        "Name": "Name220"
    },
    {
        "ImFlag": "T",
        "LvPosnr": "kVOmvn",
        "LvVbeln": "LaEYYNxEyR",
        "NameChar": "NameChar221",
        "CharValue": "CharValue221",
        "DescrCval": "DescrCval221",
        "Name": "Name221"
    },
    {
        "ImFlag": "T",
        "LvPosnr": "vyfstp",
        "LvVbeln": "XmloaszoRQ",
        "NameChar": "NameChar222",
        "CharValue": "CharValue222",
        "DescrCval": "DescrCval222",
        "Name": "Name222"
    },
    {
        "ImFlag": "T",
        "LvPosnr": "VBnYyj",
        "LvVbeln": "SkXzgLkHLx",
        "NameChar": "NameChar223",
        "CharValue": "CharValue223",
        "DescrCval": "DescrCval223",
        "Name": "Name223"
    },
    {
        "ImFlag": "T",
        "LvPosnr": "xEtdCb",
        "LvVbeln": "wSepTHBTfx",
        "NameChar": "NameChar224",
        "CharValue": "CharValue224",
        "DescrCval": "DescrCval224",
        "Name": "Name224"
    },
    {
        "ImFlag": "T",
        "LvPosnr": "RljhQr",
        "LvVbeln": "VEkFqJSoxV",
        "NameChar": "NameChar225",
        "CharValue": "CharValue225",
        "DescrCval": "DescrCval225",
        "Name": "Name225"
    },
    {
        "ImFlag": "T",
        "LvPosnr": "KFkZuA",
        "LvVbeln": "IcuRsnkkRt",
        "NameChar": "NameChar226",
        "CharValue": "CharValue226",
        "DescrCval": "DescrCval226",
        "Name": "Name226"
    },
    {
        "ImFlag": "T",
        "LvPosnr": "CmLLKa",
        "LvVbeln": "fbPyyKhxxI",
        "NameChar": "NameChar227",
        "CharValue": "CharValue227",
        "DescrCval": "DescrCval227",
        "Name": "Name227"
    },
    {
        "ImFlag": "T",
        "LvPosnr": "GTZEyU",
        "LvVbeln": "BtiFXAMalV",
        "NameChar": "NameChar228",
        "CharValue": "CharValue228",
        "DescrCval": "DescrCval228",
        "Name": "Name228"
    },
    {
        "ImFlag": "T",
        "LvPosnr": "FmFxfb",
        "LvVbeln": "cDCxNTHGnn",
        "NameChar": "NameChar229",
        "CharValue": "CharValue229",
        "DescrCval": "DescrCval229",
        "Name": "Name229"
    },
    {
        "ImFlag": "T",
        "LvPosnr": "iqyEGp",
        "LvVbeln": "ONRxIXZkXv",
        "NameChar": "NameChar230",
        "CharValue": "CharValue230",
        "DescrCval": "DescrCval230",
        "Name": "Name230"
    },
    {
        "ImFlag": "T",
        "LvPosnr": "pXpTln",
        "LvVbeln": "laGsacwSgO",
        "NameChar": "NameChar231",
        "CharValue": "CharValue231",
        "DescrCval": "DescrCval231",
        "Name": "Name231"
    },
    {
        "ImFlag": "T",
        "LvPosnr": "dpBBRK",
        "LvVbeln": "wXHQQhYQfz",
        "NameChar": "NameChar232",
        "CharValue": "CharValue232",
        "DescrCval": "DescrCval232",
        "Name": "Name232"
    },
    {
        "ImFlag": "T",
        "LvPosnr": "jaJEuE",
        "LvVbeln": "cEpONrHPWe",
        "NameChar": "NameChar233",
        "CharValue": "CharValue233",
        "DescrCval": "DescrCval233",
        "Name": "Name233"
    },
    {
        "ImFlag": "T",
        "LvPosnr": "Vsqwxu",
        "LvVbeln": "pxzSTnYUok",
        "NameChar": "NameChar234",
        "CharValue": "CharValue234",
        "DescrCval": "DescrCval234",
        "Name": "Name234"
    },
    {
        "ImFlag": "T",
        "LvPosnr": "QzLtTm",
        "LvVbeln": "jvZPQYWXgD",
        "NameChar": "NameChar235",
        "CharValue": "CharValue235",
        "DescrCval": "DescrCval235",
        "Name": "Name235"
    },
    {
        "ImFlag": "T",
        "LvPosnr": "MgmkjI",
        "LvVbeln": "RhHNnlvjBg",
        "NameChar": "NameChar236",
        "CharValue": "CharValue236",
        "DescrCval": "DescrCval236",
        "Name": "Name236"
    },
    {
        "ImFlag": "T",
        "LvPosnr": "rIBZEL",
        "LvVbeln": "cGVLnheYFe",
        "NameChar": "NameChar237",
        "CharValue": "CharValue237",
        "DescrCval": "DescrCval237",
        "Name": "Name237"
    },
    {
        "ImFlag": "T",
        "LvPosnr": "BVPfZD",
        "LvVbeln": "ovQOCWNuvM",
        "NameChar": "NameChar238",
        "CharValue": "CharValue238",
        "DescrCval": "DescrCval238",
        "Name": "Name238"
    },
    {
        "ImFlag": "T",
        "LvPosnr": "qmEubX",
        "LvVbeln": "wratVAAlNV",
        "NameChar": "NameChar239",
        "CharValue": "CharValue239",
        "DescrCval": "DescrCval239",
        "Name": "Name239"
    },
    {
        "ImFlag": "T",
        "LvPosnr": "LGAzNY",
        "LvVbeln": "NYGhjHDmeZ",
        "NameChar": "NameChar240",
        "CharValue": "CharValue240",
        "DescrCval": "DescrCval240",
        "Name": "Name240"
    },
    {
        "ImFlag": "T",
        "LvPosnr": "VSgJEO",
        "LvVbeln": "daElgMqvgt",
        "NameChar": "NameChar241",
        "CharValue": "CharValue241",
        "DescrCval": "DescrCval241",
        "Name": "Name241"
    },
    {
        "ImFlag": "T",
        "LvPosnr": "mPahLR",
        "LvVbeln": "QqzWpygsgD",
        "NameChar": "NameChar242",
        "CharValue": "CharValue242",
        "DescrCval": "DescrCval242",
        "Name": "Name242"
    },
    {
        "ImFlag": "T",
        "LvPosnr": "HCdkHC",
        "LvVbeln": "lIHNeKrXRH",
        "NameChar": "NameChar243",
        "CharValue": "CharValue243",
        "DescrCval": "DescrCval243",
        "Name": "Name243"
    },
    {
        "ImFlag": "T",
        "LvPosnr": "bVKeEw",
        "LvVbeln": "QtAphxghlN",
        "NameChar": "NameChar244",
        "CharValue": "CharValue244",
        "DescrCval": "DescrCval244",
        "Name": "Name244"
    },
    {
        "ImFlag": "T",
        "LvPosnr": "LUTWwg",
        "LvVbeln": "nvfZFKEXNf",
        "NameChar": "NameChar245",
        "CharValue": "CharValue245",
        "DescrCval": "DescrCval245",
        "Name": "Name245"
    },
    {
        "ImFlag": "T",
        "LvPosnr": "ooKmxa",
        "LvVbeln": "FcnAlTsObQ",
        "NameChar": "NameChar246",
        "CharValue": "CharValue246",
        "DescrCval": "DescrCval246",
        "Name": "Name246"
    },
    {
        "ImFlag": "T",
        "LvPosnr": "LvIrTt",
        "LvVbeln": "RWZeKnJfgS",
        "NameChar": "NameChar247",
        "CharValue": "CharValue247",
        "DescrCval": "DescrCval247",
        "Name": "Name247"
    },
    {
        "ImFlag": "T",
        "LvPosnr": "vRVluo",
        "LvVbeln": "IOVBAdUYwZ",
        "NameChar": "NameChar248",
        "CharValue": "CharValue248",
        "DescrCval": "DescrCval248",
        "Name": "Name248"
    },
    {
        "ImFlag": "T",
        "LvPosnr": "bktDex",
        "LvVbeln": "sxOsFFJlRe",
        "NameChar": "NameChar249",
        "CharValue": "CharValue249",
        "DescrCval": "DescrCval249",
        "Name": "Name249"
    },
    {
        "ImFlag": "T",
        "LvPosnr": "kGQrcP",
        "LvVbeln": "KtanpiYcNB",
        "NameChar": "NameChar250",
        "CharValue": "CharValue250",
        "DescrCval": "DescrCval250",
        "Name": "Name250"
    },
    {
        "ImFlag": "T",
        "LvPosnr": "WHzjkV",
        "LvVbeln": "tcqnwBEVTN",
        "NameChar": "NameChar251",
        "CharValue": "CharValue251",
        "DescrCval": "DescrCval251",
        "Name": "Name251"
    },
    {
        "ImFlag": "T",
        "LvPosnr": "uFFzgk",
        "LvVbeln": "FAJUXBzUZA",
        "NameChar": "NameChar252",
        "CharValue": "CharValue252",
        "DescrCval": "DescrCval252",
        "Name": "Name252"
    },
    {
        "ImFlag": "T",
        "LvPosnr": "kzWTuN",
        "LvVbeln": "JzcwsfRKOl",
        "NameChar": "NameChar253",
        "CharValue": "CharValue253",
        "DescrCval": "DescrCval253",
        "Name": "Name253"
    },
    {
        "ImFlag": "T",
        "LvPosnr": "nYkzjO",
        "LvVbeln": "LMaBrGyBKe",
        "NameChar": "NameChar254",
        "CharValue": "CharValue254",
        "DescrCval": "DescrCval254",
        "Name": "Name254"
    },
    {
        "ImFlag": "T",
        "LvPosnr": "BiXwYl",
        "LvVbeln": "LqvqBITyux",
        "NameChar": "NameChar255",
        "CharValue": "CharValue255",
        "DescrCval": "DescrCval255",
        "Name": "Name255"
    },
    {
        "ImFlag": "T",
        "LvPosnr": "krLFyv",
        "LvVbeln": "nuFglCteff",
        "NameChar": "NameChar256",
        "CharValue": "CharValue256",
        "DescrCval": "DescrCval256",
        "Name": "Name256"
    },
    {
        "ImFlag": "T",
        "LvPosnr": "PAoIhx",
        "LvVbeln": "chGVYoVrBT",
        "NameChar": "NameChar257",
        "CharValue": "CharValue257",
        "DescrCval": "DescrCval257",
        "Name": "Name257"
    },
    {
        "ImFlag": "T",
        "LvPosnr": "TChOWq",
        "LvVbeln": "yybayuNzEM",
        "NameChar": "NameChar258",
        "CharValue": "CharValue258",
        "DescrCval": "DescrCval258",
        "Name": "Name258"
    },
    {
        "ImFlag": "T",
        "LvPosnr": "LyhwSv",
        "LvVbeln": "OkqTsbbcYe",
        "NameChar": "NameChar259",
        "CharValue": "CharValue259",
        "DescrCval": "DescrCval259",
        "Name": "Name259"
    },
    {
        "ImFlag": "T",
        "LvPosnr": "cMThpU",
        "LvVbeln": "pbVvvZuBSS",
        "NameChar": "NameChar260",
        "CharValue": "CharValue260",
        "DescrCval": "DescrCval260",
        "Name": "Name260"
    },
    {
        "ImFlag": "T",
        "LvPosnr": "fJYWUw",
        "LvVbeln": "rXzCvKZiKQ",
        "NameChar": "NameChar261",
        "CharValue": "CharValue261",
        "DescrCval": "DescrCval261",
        "Name": "Name261"
    },
    {
        "ImFlag": "T",
        "LvPosnr": "nWmgiT",
        "LvVbeln": "KRFnzHJiTP",
        "NameChar": "NameChar262",
        "CharValue": "CharValue262",
        "DescrCval": "DescrCval262",
        "Name": "Name262"
    },
    {
        "ImFlag": "T",
        "LvPosnr": "UjwOeD",
        "LvVbeln": "pNewtSTRcL",
        "NameChar": "NameChar263",
        "CharValue": "CharValue263",
        "DescrCval": "DescrCval263",
        "Name": "Name263"
    },
    {
        "ImFlag": "T",
        "LvPosnr": "WeUxcL",
        "LvVbeln": "akDBEkZeUm",
        "NameChar": "NameChar264",
        "CharValue": "CharValue264",
        "DescrCval": "DescrCval264",
        "Name": "Name264"
    },
    {
        "ImFlag": "T",
        "LvPosnr": "OPfSAl",
        "LvVbeln": "HlBOtmxvmN",
        "NameChar": "NameChar265",
        "CharValue": "CharValue265",
        "DescrCval": "DescrCval265",
        "Name": "Name265"
    },
    {
        "ImFlag": "T",
        "LvPosnr": "vZqTQV",
        "LvVbeln": "QZQwAtEpWj",
        "NameChar": "NameChar266",
        "CharValue": "CharValue266",
        "DescrCval": "DescrCval266",
        "Name": "Name266"
    },
    {
        "ImFlag": "T",
        "LvPosnr": "zaBGlG",
        "LvVbeln": "wGJbumPkRo",
        "NameChar": "NameChar267",
        "CharValue": "CharValue267",
        "DescrCval": "DescrCval267",
        "Name": "Name267"
    },
    {
        "ImFlag": "T",
        "LvPosnr": "Oufsaz",
        "LvVbeln": "joQxRgIior",
        "NameChar": "NameChar268",
        "CharValue": "CharValue268",
        "DescrCval": "DescrCval268",
        "Name": "Name268"
    },
    {
        "ImFlag": "T",
        "LvPosnr": "kHHxJJ",
        "LvVbeln": "hmPHaMJAKb",
        "NameChar": "NameChar269",
        "CharValue": "CharValue269",
        "DescrCval": "DescrCval269",
        "Name": "Name269"
    },
    {
        "ImFlag": "T",
        "LvPosnr": "uWvfwc",
        "LvVbeln": "tXwBYRwMUZ",
        "NameChar": "NameChar270",
        "CharValue": "CharValue270",
        "DescrCval": "DescrCval270",
        "Name": "Name270"
    },
    {
        "ImFlag": "T",
        "LvPosnr": "qNMFDs",
        "LvVbeln": "kphcPiKIAV",
        "NameChar": "NameChar271",
        "CharValue": "CharValue271",
        "DescrCval": "DescrCval271",
        "Name": "Name271"
    },
    {
        "ImFlag": "T",
        "LvPosnr": "vUJTXR",
        "LvVbeln": "NpuuFEMwyH",
        "NameChar": "NameChar272",
        "CharValue": "CharValue272",
        "DescrCval": "DescrCval272",
        "Name": "Name272"
    },
    {
        "ImFlag": "T",
        "LvPosnr": "fiGGrx",
        "LvVbeln": "tHJTqVQmqo",
        "NameChar": "NameChar273",
        "CharValue": "CharValue273",
        "DescrCval": "DescrCval273",
        "Name": "Name273"
    },
    {
        "ImFlag": "T",
        "LvPosnr": "xQmdHR",
        "LvVbeln": "VtYrlgiEUq",
        "NameChar": "NameChar274",
        "CharValue": "CharValue274",
        "DescrCval": "DescrCval274",
        "Name": "Name274"
    },
    {
        "ImFlag": "T",
        "LvPosnr": "ePcxCk",
        "LvVbeln": "aFlmiIRfPu",
        "NameChar": "NameChar275",
        "CharValue": "CharValue275",
        "DescrCval": "DescrCval275",
        "Name": "Name275"
    },
    {
        "ImFlag": "T",
        "LvPosnr": "OMqRoZ",
        "LvVbeln": "BnCIWBhtRT",
        "NameChar": "NameChar276",
        "CharValue": "CharValue276",
        "DescrCval": "DescrCval276",
        "Name": "Name276"
    },
    {
        "ImFlag": "T",
        "LvPosnr": "hxbXvA",
        "LvVbeln": "zrKzjHsvdu",
        "NameChar": "NameChar277",
        "CharValue": "CharValue277",
        "DescrCval": "DescrCval277",
        "Name": "Name277"
    },
    {
        "ImFlag": "T",
        "LvPosnr": "iCfjvu",
        "LvVbeln": "LZWLRUSmEJ",
        "NameChar": "NameChar278",
        "CharValue": "CharValue278",
        "DescrCval": "DescrCval278",
        "Name": "Name278"
    },
    {
        "ImFlag": "T",
        "LvPosnr": "fbCzYa",
        "LvVbeln": "vLokgbqupV",
        "NameChar": "NameChar279",
        "CharValue": "CharValue279",
        "DescrCval": "DescrCval279",
        "Name": "Name279"
    },
    {
        "ImFlag": "T",
        "LvPosnr": "vrzSQX",
        "LvVbeln": "eLzwGHsRAU",
        "NameChar": "NameChar280",
        "CharValue": "CharValue280",
        "DescrCval": "DescrCval280",
        "Name": "Name280"
    },
    {
        "ImFlag": "T",
        "LvPosnr": "tTCxke",
        "LvVbeln": "JkecQzlLRs",
        "NameChar": "NameChar281",
        "CharValue": "CharValue281",
        "DescrCval": "DescrCval281",
        "Name": "Name281"
    },
    {
        "ImFlag": "T",
        "LvPosnr": "nvNUGG",
        "LvVbeln": "jENOltRZVE",
        "NameChar": "NameChar282",
        "CharValue": "CharValue282",
        "DescrCval": "DescrCval282",
        "Name": "Name282"
    },
    {
        "ImFlag": "T",
        "LvPosnr": "PNsfjc",
        "LvVbeln": "erwsbfvdQV",
        "NameChar": "NameChar283",
        "CharValue": "CharValue283",
        "DescrCval": "DescrCval283",
        "Name": "Name283"
    },
    {
        "ImFlag": "T",
        "LvPosnr": "RjtRlP",
        "LvVbeln": "GvgzQcpdLS",
        "NameChar": "NameChar284",
        "CharValue": "CharValue284",
        "DescrCval": "DescrCval284",
        "Name": "Name284"
    },
    {
        "ImFlag": "T",
        "LvPosnr": "uTJJKN",
        "LvVbeln": "gpKHprAzDD",
        "NameChar": "NameChar285",
        "CharValue": "CharValue285",
        "DescrCval": "DescrCval285",
        "Name": "Name285"
    },
    {
        "ImFlag": "T",
        "LvPosnr": "gzUgUz",
        "LvVbeln": "eTcvqcdbkQ",
        "NameChar": "NameChar286",
        "CharValue": "CharValue286",
        "DescrCval": "DescrCval286",
        "Name": "Name286"
    },
    {
        "ImFlag": "T",
        "LvPosnr": "krHmUE",
        "LvVbeln": "sjGykYnOSa",
        "NameChar": "NameChar287",
        "CharValue": "CharValue287",
        "DescrCval": "DescrCval287",
        "Name": "Name287"
    },
    {
        "ImFlag": "T",
        "LvPosnr": "QCOvsY",
        "LvVbeln": "GkVHpKWrQF",
        "NameChar": "NameChar288",
        "CharValue": "CharValue288",
        "DescrCval": "DescrCval288",
        "Name": "Name288"
    },
    {
        "ImFlag": "T",
        "LvPosnr": "rWjnpg",
        "LvVbeln": "yrOXYqNxXs",
        "NameChar": "NameChar289",
        "CharValue": "CharValue289",
        "DescrCval": "DescrCval289",
        "Name": "Name289"
    },
    {
        "ImFlag": "T",
        "LvPosnr": "WmcyeS",
        "LvVbeln": "maKkijxjrz",
        "NameChar": "NameChar290",
        "CharValue": "CharValue290",
        "DescrCval": "DescrCval290",
        "Name": "Name290"
    },
    {
        "ImFlag": "T",
        "LvPosnr": "EQeGXW",
        "LvVbeln": "EdrzSJagCt",
        "NameChar": "NameChar291",
        "CharValue": "CharValue291",
        "DescrCval": "DescrCval291",
        "Name": "Name291"
    },
    {
        "ImFlag": "T",
        "LvPosnr": "NWVPFm",
        "LvVbeln": "nANrLEeHlJ",
        "NameChar": "NameChar292",
        "CharValue": "CharValue292",
        "DescrCval": "DescrCval292",
        "Name": "Name292"
    },
    {
        "ImFlag": "T",
        "LvPosnr": "TdJoHz",
        "LvVbeln": "xOcHItlkBr",
        "NameChar": "NameChar293",
        "CharValue": "CharValue293",
        "DescrCval": "DescrCval293",
        "Name": "Name293"
    },
    {
        "ImFlag": "T",
        "LvPosnr": "shihHr",
        "LvVbeln": "EYOiaLGNGK",
        "NameChar": "NameChar294",
        "CharValue": "CharValue294",
        "DescrCval": "DescrCval294",
        "Name": "Name294"
    },
    {
        "ImFlag": "T",
        "LvPosnr": "ucPhPl",
        "LvVbeln": "pQaMrxTRrn",
        "NameChar": "NameChar295",
        "CharValue": "CharValue295",
        "DescrCval": "DescrCval295",
        "Name": "Name295"
    },
    {
        "ImFlag": "T",
        "LvPosnr": "oytPpZ",
        "LvVbeln": "KWulUETuqV",
        "NameChar": "NameChar296",
        "CharValue": "CharValue296",
        "DescrCval": "DescrCval296",
        "Name": "Name296"
    },
    {
        "ImFlag": "T",
        "LvPosnr": "rxrJCb",
        "LvVbeln": "kBmBGDqdsR",
        "NameChar": "NameChar297",
        "CharValue": "CharValue297",
        "DescrCval": "DescrCval297",
        "Name": "Name297"
    },
    {
        "ImFlag": "T",
        "LvPosnr": "scabXA",
        "LvVbeln": "WyhaEAnfdw",
        "NameChar": "NameChar298",
        "CharValue": "CharValue298",
        "DescrCval": "DescrCval298",
        "Name": "Name298"
    },
    {
        "ImFlag": "T",
        "LvPosnr": "mjwWMF",
        "LvVbeln": "sRcWejNvVr",
        "NameChar": "NameChar299",
        "CharValue": "CharValue299",
        "DescrCval": "DescrCval299",
        "Name": "Name299"
    },
    {
        "ImFlag": "T",
        "LvPosnr": "gdPKAK",
        "LvVbeln": "zszQENhGQs",
        "NameChar": "NameChar300",
        "CharValue": "CharValue300",
        "DescrCval": "DescrCval300",
        "Name": "Name300"
    },
    {
        "ImFlag": "T",
        "LvPosnr": "JeazPf",
        "LvVbeln": "rsmIcEscdr",
        "NameChar": "NameChar301",
        "CharValue": "CharValue301",
        "DescrCval": "DescrCval301",
        "Name": "Name301"
    },
    {
        "ImFlag": "T",
        "LvPosnr": "TWEicS",
        "LvVbeln": "tArORvsmus",
        "NameChar": "NameChar302",
        "CharValue": "CharValue302",
        "DescrCval": "DescrCval302",
        "Name": "Name302"
    },
    {
        "ImFlag": "T",
        "LvPosnr": "NRxOJb",
        "LvVbeln": "EmhgKdCXjO",
        "NameChar": "NameChar303",
        "CharValue": "CharValue303",
        "DescrCval": "DescrCval303",
        "Name": "Name303"
    },
    {
        "ImFlag": "T",
        "LvPosnr": "Qxojlz",
        "LvVbeln": "DCMdnBnqgW",
        "NameChar": "NameChar304",
        "CharValue": "CharValue304",
        "DescrCval": "DescrCval304",
        "Name": "Name304"
    },
    {
        "ImFlag": "T",
        "LvPosnr": "gbuMqg",
        "LvVbeln": "FKlJSudKAl",
        "NameChar": "NameChar305",
        "CharValue": "CharValue305",
        "DescrCval": "DescrCval305",
        "Name": "Name305"
    },
    {
        "ImFlag": "T",
        "LvPosnr": "gxPAYu",
        "LvVbeln": "tjhWzrsmaF",
        "NameChar": "NameChar306",
        "CharValue": "CharValue306",
        "DescrCval": "DescrCval306",
        "Name": "Name306"
    },
    {
        "ImFlag": "T",
        "LvPosnr": "TYDVVQ",
        "LvVbeln": "VMtnPXOzsh",
        "NameChar": "NameChar307",
        "CharValue": "CharValue307",
        "DescrCval": "DescrCval307",
        "Name": "Name307"
    },
    {
        "ImFlag": "T",
        "LvPosnr": "CuARBt",
        "LvVbeln": "pKfMlyipEW",
        "NameChar": "NameChar308",
        "CharValue": "CharValue308",
        "DescrCval": "DescrCval308",
        "Name": "Name308"
    },
    {
        "ImFlag": "T",
        "LvPosnr": "rcNFhY",
        "LvVbeln": "AxgXMkaLTk",
        "NameChar": "NameChar309",
        "CharValue": "CharValue309",
        "DescrCval": "DescrCval309",
        "Name": "Name309"
    },
    {
        "ImFlag": "T",
        "LvPosnr": "bcaoiw",
        "LvVbeln": "LIuBugvEtV",
        "NameChar": "NameChar310",
        "CharValue": "CharValue310",
        "DescrCval": "DescrCval310",
        "Name": "Name310"
    },
    {
        "ImFlag": "T",
        "LvPosnr": "YUGDCS",
        "LvVbeln": "JKInOPzpzm",
        "NameChar": "NameChar311",
        "CharValue": "CharValue311",
        "DescrCval": "DescrCval311",
        "Name": "Name311"
    },
    {
        "ImFlag": "T",
        "LvPosnr": "SeYARv",
        "LvVbeln": "YseGLCParF",
        "NameChar": "NameChar312",
        "CharValue": "CharValue312",
        "DescrCval": "DescrCval312",
        "Name": "Name312"
    },
    {
        "ImFlag": "T",
        "LvPosnr": "aUbgzy",
        "LvVbeln": "xRvWEqecFD",
        "NameChar": "NameChar313",
        "CharValue": "CharValue313",
        "DescrCval": "DescrCval313",
        "Name": "Name313"
    },
    {
        "ImFlag": "T",
        "LvPosnr": "wbwiOk",
        "LvVbeln": "JnJnnAewal",
        "NameChar": "NameChar314",
        "CharValue": "CharValue314",
        "DescrCval": "DescrCval314",
        "Name": "Name314"
    },
    {
        "ImFlag": "T",
        "LvPosnr": "opZGln",
        "LvVbeln": "YfekeBHzyD",
        "NameChar": "NameChar315",
        "CharValue": "CharValue315",
        "DescrCval": "DescrCval315",
        "Name": "Name315"
    },
    {
        "ImFlag": "T",
        "LvPosnr": "jSEiWD",
        "LvVbeln": "vOARCKrmSn",
        "NameChar": "NameChar316",
        "CharValue": "CharValue316",
        "DescrCval": "DescrCval316",
        "Name": "Name316"
    },
    {
        "ImFlag": "T",
        "LvPosnr": "vfMXef",
        "LvVbeln": "UPCWntdWyJ",
        "NameChar": "NameChar317",
        "CharValue": "CharValue317",
        "DescrCval": "DescrCval317",
        "Name": "Name317"
    },
    {
        "ImFlag": "T",
        "LvPosnr": "dqHeyN",
        "LvVbeln": "IBwdlxlIRQ",
        "NameChar": "NameChar318",
        "CharValue": "CharValue318",
        "DescrCval": "DescrCval318",
        "Name": "Name318"
    },
    {
        "ImFlag": "T",
        "LvPosnr": "RmTvFE",
        "LvVbeln": "BzOTCUUMNw",
        "NameChar": "NameChar319",
        "CharValue": "CharValue319",
        "DescrCval": "DescrCval319",
        "Name": "Name319"
    },
    {
        "ImFlag": "T",
        "LvPosnr": "AimkuZ",
        "LvVbeln": "CmODwcqLJR",
        "NameChar": "NameChar320",
        "CharValue": "CharValue320",
        "DescrCval": "DescrCval320",
        "Name": "Name320"
    },
    {
        "ImFlag": "T",
        "LvPosnr": "qRiFzz",
        "LvVbeln": "NyjNaSIiWi",
        "NameChar": "NameChar321",
        "CharValue": "CharValue321",
        "DescrCval": "DescrCval321",
        "Name": "Name321"
    },
    {
        "ImFlag": "T",
        "LvPosnr": "PoDPid",
        "LvVbeln": "tZjFjJNUxp",
        "NameChar": "NameChar322",
        "CharValue": "CharValue322",
        "DescrCval": "DescrCval322",
        "Name": "Name322"
    },
    {
        "ImFlag": "T",
        "LvPosnr": "lsUtty",
        "LvVbeln": "eqsTpiWDTm",
        "NameChar": "NameChar323",
        "CharValue": "CharValue323",
        "DescrCval": "DescrCval323",
        "Name": "Name323"
    },
    {
        "ImFlag": "T",
        "LvPosnr": "FbZEbk",
        "LvVbeln": "dsBjxObStV",
        "NameChar": "NameChar324",
        "CharValue": "CharValue324",
        "DescrCval": "DescrCval324",
        "Name": "Name324"
    },
    {
        "ImFlag": "T",
        "LvPosnr": "yuzpTP",
        "LvVbeln": "amVXqDfwzn",
        "NameChar": "NameChar325",
        "CharValue": "CharValue325",
        "DescrCval": "DescrCval325",
        "Name": "Name325"
    },
    {
        "ImFlag": "T",
        "LvPosnr": "QtFYkC",
        "LvVbeln": "YlnoJKoCUu",
        "NameChar": "NameChar326",
        "CharValue": "CharValue326",
        "DescrCval": "DescrCval326",
        "Name": "Name326"
    },
    {
        "ImFlag": "T",
        "LvPosnr": "bZSNtA",
        "LvVbeln": "vsCngVAXRe",
        "NameChar": "NameChar327",
        "CharValue": "CharValue327",
        "DescrCval": "DescrCval327",
        "Name": "Name327"
    },
    {
        "ImFlag": "T",
        "LvPosnr": "RzVwWL",
        "LvVbeln": "hfMfHlzQDp",
        "NameChar": "NameChar328",
        "CharValue": "CharValue328",
        "DescrCval": "DescrCval328",
        "Name": "Name328"
    },
    {
        "ImFlag": "T",
        "LvPosnr": "okrVBM",
        "LvVbeln": "mIrjYlqIjY",
        "NameChar": "NameChar329",
        "CharValue": "CharValue329",
        "DescrCval": "DescrCval329",
        "Name": "Name329"
    },
    {
        "ImFlag": "T",
        "LvPosnr": "bysFJT",
        "LvVbeln": "iRiWxwtoke",
        "NameChar": "NameChar330",
        "CharValue": "CharValue330",
        "DescrCval": "DescrCval330",
        "Name": "Name330"
    },
    {
        "ImFlag": "T",
        "LvPosnr": "XXiKNp",
        "LvVbeln": "hbTMEpKzTx",
        "NameChar": "NameChar331",
        "CharValue": "CharValue331",
        "DescrCval": "DescrCval331",
        "Name": "Name331"
    },
    {
        "ImFlag": "T",
        "LvPosnr": "jYokgR",
        "LvVbeln": "IICuQaQbdA",
        "NameChar": "NameChar332",
        "CharValue": "CharValue332",
        "DescrCval": "DescrCval332",
        "Name": "Name332"
    },
    {
        "ImFlag": "T",
        "LvPosnr": "mREczr",
        "LvVbeln": "FOmVwEftRx",
        "NameChar": "NameChar333",
        "CharValue": "CharValue333",
        "DescrCval": "DescrCval333",
        "Name": "Name333"
    },
    {
        "ImFlag": "T",
        "LvPosnr": "fYkuxB",
        "LvVbeln": "dIgoXDzlyd",
        "NameChar": "NameChar334",
        "CharValue": "CharValue334",
        "DescrCval": "DescrCval334",
        "Name": "Name334"
    },
    {
        "ImFlag": "T",
        "LvPosnr": "nXEiQE",
        "LvVbeln": "AXQdRiCJRT",
        "NameChar": "NameChar335",
        "CharValue": "CharValue335",
        "DescrCval": "DescrCval335",
        "Name": "Name335"
    },
    {
        "ImFlag": "T",
        "LvPosnr": "GmiyBd",
        "LvVbeln": "tgEFqhurma",
        "NameChar": "NameChar336",
        "CharValue": "CharValue336",
        "DescrCval": "DescrCval336",
        "Name": "Name336"
    },
    {
        "ImFlag": "T",
        "LvPosnr": "PTUPlE",
        "LvVbeln": "XjElLkzSme",
        "NameChar": "NameChar337",
        "CharValue": "CharValue337",
        "DescrCval": "DescrCval337",
        "Name": "Name337"
    },
    {
        "ImFlag": "T",
        "LvPosnr": "YwxkgR",
        "LvVbeln": "SIvuVzBzCM",
        "NameChar": "NameChar338",
        "CharValue": "CharValue338",
        "DescrCval": "DescrCval338",
        "Name": "Name338"
    },
    {
        "ImFlag": "T",
        "LvPosnr": "LSGFTv",
        "LvVbeln": "iKqsFgkXOa",
        "NameChar": "NameChar339",
        "CharValue": "CharValue339",
        "DescrCval": "DescrCval339",
        "Name": "Name339"
    },
    {
        "ImFlag": "T",
        "LvPosnr": "yoVNnf",
        "LvVbeln": "HzjaVwDBWn",
        "NameChar": "NameChar340",
        "CharValue": "CharValue340",
        "DescrCval": "DescrCval340",
        "Name": "Name340"
    },
    {
        "ImFlag": "T",
        "LvPosnr": "IjGKgy",
        "LvVbeln": "zasuLnSBjy",
        "NameChar": "NameChar341",
        "CharValue": "CharValue341",
        "DescrCval": "DescrCval341",
        "Name": "Name341"
    },
    {
        "ImFlag": "T",
        "LvPosnr": "rzCIkt",
        "LvVbeln": "PUnxejzbPK",
        "NameChar": "NameChar342",
        "CharValue": "CharValue342",
        "DescrCval": "DescrCval342",
        "Name": "Name342"
    },
    {
        "ImFlag": "T",
        "LvPosnr": "tideQc",
        "LvVbeln": "axavgYgNhe",
        "NameChar": "NameChar343",
        "CharValue": "CharValue343",
        "DescrCval": "DescrCval343",
        "Name": "Name343"
    },
    {
        "ImFlag": "T",
        "LvPosnr": "YVnowj",
        "LvVbeln": "lLKxycXxqc",
        "NameChar": "NameChar344",
        "CharValue": "CharValue344",
        "DescrCval": "DescrCval344",
        "Name": "Name344"
    },
    {
        "ImFlag": "T",
        "LvPosnr": "clGSEx",
        "LvVbeln": "yfrtFptIOX",
        "NameChar": "NameChar345",
        "CharValue": "CharValue345",
        "DescrCval": "DescrCval345",
        "Name": "Name345"
    },
    {
        "ImFlag": "T",
        "LvPosnr": "Kpcmss",
        "LvVbeln": "fVxiTJKbae",
        "NameChar": "NameChar346",
        "CharValue": "CharValue346",
        "DescrCval": "DescrCval346",
        "Name": "Name346"
    },
    {
        "ImFlag": "T",
        "LvPosnr": "PbWPDr",
        "LvVbeln": "LfpavQJWMj",
        "NameChar": "NameChar347",
        "CharValue": "CharValue347",
        "DescrCval": "DescrCval347",
        "Name": "Name347"
    },
    {
        "ImFlag": "T",
        "LvPosnr": "fooBuK",
        "LvVbeln": "mreBUqEWfy",
        "NameChar": "NameChar348",
        "CharValue": "CharValue348",
        "DescrCval": "DescrCval348",
        "Name": "Name348"
    },
    {
        "ImFlag": "T",
        "LvPosnr": "Mtjdix",
        "LvVbeln": "aJScPqEXVj",
        "NameChar": "NameChar349",
        "CharValue": "CharValue349",
        "DescrCval": "DescrCval349",
        "Name": "Name349"
    },
    {
        "ImFlag": "T",
        "LvPosnr": "vYbKtc",
        "LvVbeln": "sunznuVFTE",
        "NameChar": "NameChar350",
        "CharValue": "CharValue350",
        "DescrCval": "DescrCval350",
        "Name": "Name350"
    },
    {
        "ImFlag": "T",
        "LvPosnr": "wGPBgq",
        "LvVbeln": "dRMNEcrXDi",
        "NameChar": "NameChar351",
        "CharValue": "CharValue351",
        "DescrCval": "DescrCval351",
        "Name": "Name351"
    },
    {
        "ImFlag": "T",
        "LvPosnr": "IgCvey",
        "LvVbeln": "SVIflWHMDm",
        "NameChar": "NameChar352",
        "CharValue": "CharValue352",
        "DescrCval": "DescrCval352",
        "Name": "Name352"
    },
    {
        "ImFlag": "T",
        "LvPosnr": "qAntKv",
        "LvVbeln": "mmMvzktfUA",
        "NameChar": "NameChar353",
        "CharValue": "CharValue353",
        "DescrCval": "DescrCval353",
        "Name": "Name353"
    },
    {
        "ImFlag": "T",
        "LvPosnr": "RWODZE",
        "LvVbeln": "oEPbHCZobH",
        "NameChar": "NameChar354",
        "CharValue": "CharValue354",
        "DescrCval": "DescrCval354",
        "Name": "Name354"
    },
    {
        "ImFlag": "T",
        "LvPosnr": "CGnBmk",
        "LvVbeln": "yRIKGnZjrC",
        "NameChar": "NameChar355",
        "CharValue": "CharValue355",
        "DescrCval": "DescrCval355",
        "Name": "Name355"
    }
]