{
  "Component.js.map": 1710448779387,
  "localService/data/Sign_DropDownSet.json": 1710378882636,
  "localService/mockdata/Signature_hdrSet.json": 1710362133760,
  "localService/mockdata/SignatureSet.json": 1710362133760,
  "localService/mockdata/Sign_DropDownSet.json": 1710378882636,
  "localService/data/Signature_hdrSet.json": 1710378764469,
  "localService/data/SignatureSet.json": 1710378764469,
  "localService/mockserver.js": 1709580435160,
  "test/locate-reuse-libs.js": 1709580435154,
  "model/models.js": 1709579098000,
  "controller/SignatureMain.controller.js": 1710448069324,
  "controller/App.controller.js": 1709579092000,
  "manifest.json": 1709580435152,
  "Component.js": 1709579090000,
  "test/locate-reuse-libs-dbg.js": 1709580435154,
  "test/locate-reuse-libs.js.map": 1710448779400,
  "localService/mockserver-dbg.js": 1709580435160,
  "localService/mockserver.js.map": 1710448779392,
  "model/models-dbg.js": 1709579098000,
  "model/models.js.map": 1710448779381,
  "controller/SignatureMain-dbg.controller.js": 1710448069324,
  "controller/SignatureMain.controller.js.map": 1710448779427,
  "controller/App-dbg.controller.js": 1709579092000,
  "controller/App.controller.js.map": 1710448779383,
  "Component-dbg.js": 1709579090000,
  "i18n/i18n.properties": 1709579096000,
  "Component-preload.js": 1710448779571,
  "Component-preload.js.map": 1710448779571,
  "view/SignatureMain.view.xml": 1710378512715,
  "view/App.view.xml": 1709579100000,
  "test/flpSandboxMockServer.html": 1709580435159,
  "test/flpSandbox.html": 1709580435157,
  "localService/metadata.xml": 1710361986000,
  "fragment/ValueHelpDialog.fragment.xml": 1710378483345,
  "fragment/ScanInvoice.fragment.xml": 1709579096000,
  "fragment/MaintainSign.fragment.xml": 1709579096000,
  "css/style.css": 1709579096000,
  "index.html": 1709580435154
}