{
	"diffItems": [
		{
			"DiffId": "DiffId1",
			"ParentDiffId": "",
			"HierarchyLevel": 0,
			"DrillState": "",
			"DiffType": 3,
			"DiffItemType": 1,
			"InstanceId": 9,
			"CsticId": "",
			"ValueFrom": "",
			"ValueTo": "",
			"CsticDescription": "",
			"Component": "Aeroplane 7400-CL",
			"ComponentDescription": "Aeroplane 7400-CL",
			"ValueIdFrom": "",
			"ValueIdTo": ""
		},
		{
			"DiffId": "DiffId2",
			"ParentDiffId": "DiffId1",
			"HierarchyLevel": 1,
			"DrillState": "",
			"DiffType": 1,
			"DiffItemType": 3,
			"InstanceId": 9,
			"CsticId": "Cstic1",
			"ValueFrom": "",
			"ValueTo": "",
			"CsticDescription": "Form",
			"Component": "Aeroplane 7400-CL",
			"ComponentDescription": "Aeroplane 7400-CL",
			"ValueIdFrom": "",
			"ValueIdTo": ""
		},
		{
			"DiffId": "DiffId3",
			"ParentDiffId": "DiffId1",
			"HierarchyLevel": 1,
			"DrillState": "leaf",
			"DiffType": 1,
			"DiffItemType": 3,
			"InstanceId": 9,
			"CsticId": "Cstic2",
			"ValueFrom": "",
			"ValueTo": "",
			"CsticDescription": "Purchasing Group",
			"Component": "Aeroplane 7400-CL",
			"ComponentDescription": "Aeroplane 7400-CL",
			"ValueIdFrom": "",
			"ValueIdTo": ""
		},
		{
			"DiffId": "DiffId4",
			"ParentDiffId": "DiffId1",
			"HierarchyLevel": 1,
			"DrillState": "",
			"DiffType": 2,
			"DiffItemType": 4,
			"InstanceId": 9,
			"CsticId": "Cstic3",
			"ValueFrom": "mp3",
			"ValueTo": "",
			"CsticDescription": "Extras",
			"Component": "Aeroplane 7400-CL",
			"ComponentDescription": "Aeroplane 7400-CL",
			"ValueIdFrom": "mp3",
			"ValueIdTo": ""
		},
		{
			"DiffId": "DiffId5",
			"ParentDiffId": "DiffId1",
			"HierarchyLevel": 1,
			"DrillState": "",
			"DiffType": 2,
			"DiffItemType": 4,
			"InstanceId": 9,
			"CsticId": "Cstic3",
			"ValueFrom": "extra_battery",
			"ValueTo": "",
			"CsticDescription": "Extras",
			"Component": "Aeroplane 7400-CL",
			"ComponentDescription": "Aeroplane 7400-CL",
			"ValueIdFrom": "extra_battery",
			"ValueIdTo": ""
		},
		{
			"DiffId": "DiffId6",
			"ParentDiffId": "DiffId1",
			"HierarchyLevel": 1,
			"DrillState": "",
			"DiffType": 2,
			"DiffItemType": 4,
			"InstanceId": 9,
			"CsticId": "Cstic3",
			"ValueFrom": "leather_grips",
			"ValueTo": "",
			"CsticDescription": "Extras",
			"Component": "Aeroplane 7400-CL",
			"ComponentDescription": "Aeroplane 7400-CL",
			"ValueIdFrom": "leather_grips",
			"ValueIdTo": ""
		},
		{
			"DiffId": "DiffId7",
			"ParentDiffId": "DiffId1",
			"HierarchyLevel": 1,
			"DrillState": "leaf",
			"DiffType": 3,
			"DiffItemType": 4,
			"InstanceId": 9,
			"CsticId": "Cstic4",
			"ValueFrom": "Large",
			"ValueTo": "Medium",
			"CsticDescription": "Size",
			"Component": "Aeroplane 7400-CL",
			"ComponentDescription": "Aeroplane 7400-CL",
			"ValueIdFrom": "Large",
			"ValueIdTo": "Medium"
		},
		{
			"DiffId": "DiffId8",
			"ParentDiffId": "",
			"HierarchyLevel": 0,
			"DrillState": "",
			"DiffType": 1,
			"DiffItemType": 1,
			"InstanceId": 10,
			"CsticId": "",
			"ValueFrom": "",
			"ValueTo": "",
			"CsticDescription": "",
			"Component": "Hull 74-series CL",
			"ComponentDescription": "Hull 74-series CL",
			"ValueIdFrom": "",
			"ValueIdTo": ""
		}
	]
}
