{
  "test/unit/AllTests-dbg.js": 1691581386000,
  "test/unit/unitTests.qunit.js": 1691581386000,
  "test/unit/controller/Report.controller.js": 1691581386000,
  "test/integration/pages/Report.js": 1691581386000,
  "test/integration/arrangements/Startup.js": 1691581386000,
  "manifest.json": 1691592294432,
  "test/unit/AllTests.js": 1691581386000,
  "test/integration/opaTests.qunit.js": 1691581386000,
  "test/integration/NavigationJourney.js": 1691581386000,
  "test/integration/AllJourneys.js": 1691581386000,
  "test/testsuite.qunit.js": 1691581386000,
  "model/models.js": 1691581386000,
  "controller/Report.controller.js": 1691581386000,
  "Component.js": 1691581386000,
  "manifest-bundle.zip": 1691592294466,
  "Component-preload.js": 1691592295239,
  "i18n/i18n.properties": 1691581386000,
  "test/integration/pages/Report-dbg.js": 1691581386000,
  "test/integration/arrangements/Startup-dbg.js": 1691581386000,
  "test/unit/unitTests.qunit-dbg.js": 1691581386000,
  "test/unit/controller/Report-dbg.controller.js": 1691581386000,
  "test/integration/opaTests.qunit-dbg.js": 1691581386000,
  "test/integration/NavigationJourney-dbg.js": 1691581386000,
  "test/integration/AllJourneys-dbg.js": 1691581386000,
  "test/testsuite.qunit-dbg.js": 1691581386000,
  "model/models-dbg.js": 1691581386000,
  "controller/Report-dbg.controller.js": 1691581386000,
  "Component-dbg.js": 1691581386000,
  "neo-app.json": 1691592295449,
  "di.code-validation.core_issues.json": 1691592300187,
  "resources.json": 1691592300200,
  "view/fragment/UserSearch.fragment.xml": 1691581386000,
  "view/fragment/BUsearch.fragment.xml": 1691581386000,
  "test/unit/unitTests.qunit.html": 1691581386000,
  "test/integration/opaTests.qunit.html": 1691581386000,
  "view/Report.view.xml": 1691581386000,
  "test/testsuite.qunit.html": 1691581386000,
  "css/style.css": 1691581386000,
  "index.html": 1691581386000
}