[
    {
        "Mandt": "Ma1",
        "SeqNo": 32107,
        "Vbeln": "iIbAniKOuS",
        "Posnr": "jEHsgw",
        "SignatureType": "SignatureType1",
        "ArtistName": "ArtistName1",
        "SignedOn": "/Date(1151234280000)/",
        "AddedBy": "AddedBy1",
        "AddedDate": "/Date(269465711000)/",
        "Labellines1": "Labellines11",
        "Labellines2": "Labellines21",
        "Labellines3": "Labellines31",
        "Labellines4": "Labellines41",
        "Labellines5": "Labellines51",
        "Labellines6": "Labellines61"
    },
    {
        "Mandt": "Ma2",
        "SeqNo": 27860,
        "Vbeln": "XDjXqhgXJl",
        "Posnr": "VvtfQz",
        "SignatureType": "SignatureType2",
        "ArtistName": "ArtistName2",
        "SignedOn": "/Date(57291965000)/",
        "AddedBy": "AddedBy2",
        "AddedDate": "/Date(327812117000)/",
        "Labellines1": "Labellines12",
        "Labellines2": "Labellines22",
        "Labellines3": "Labellines32",
        "Labellines4": "Labellines42",
        "Labellines5": "Labellines52",
        "Labellines6": "Labellines62"
    },
    {
        "Mandt": "Ma3",
        "SeqNo": 21436,
        "Vbeln": "cokESLkbmJ",
        "Posnr": "XhwMAm",
        "SignatureType": "SignatureType3",
        "ArtistName": "ArtistName3",
        "SignedOn": "/Date(809014461000)/",
        "AddedBy": "AddedBy3",
        "AddedDate": "/Date(853365144000)/",
        "Labellines1": "Labellines13",
        "Labellines2": "Labellines23",
        "Labellines3": "Labellines33",
        "Labellines4": "Labellines43",
        "Labellines5": "Labellines53",
        "Labellines6": "Labellines63"
    },
    {
        "Mandt": "Ma4",
        "SeqNo": 26575,
        "Vbeln": "TyTsCozEKs",
        "Posnr": "mEtRyb",
        "SignatureType": "SignatureType4",
        "ArtistName": "ArtistName4",
        "SignedOn": "/Date(1010809259000)/",
        "AddedBy": "AddedBy4",
        "AddedDate": "/Date(670275284000)/",
        "Labellines1": "Labellines14",
        "Labellines2": "Labellines24",
        "Labellines3": "Labellines34",
        "Labellines4": "Labellines44",
        "Labellines5": "Labellines54",
        "Labellines6": "Labellines64"
    },
    {
        "Mandt": "Ma5",
        "SeqNo": 20037,
        "Vbeln": "GjyhkAtXhJ",
        "Posnr": "nfrQqq",
        "SignatureType": "SignatureType5",
        "ArtistName": "ArtistName5",
        "SignedOn": "/Date(481841288000)/",
        "AddedBy": "AddedBy5",
        "AddedDate": "/Date(1388249465000)/",
        "Labellines1": "Labellines15",
        "Labellines2": "Labellines25",
        "Labellines3": "Labellines35",
        "Labellines4": "Labellines45",
        "Labellines5": "Labellines55",
        "Labellines6": "Labellines65"
    },
    {
        "Mandt": "Ma6",
        "SeqNo": 24758,
        "Vbeln": "DiATjJAIkG",
        "Posnr": "qrTfbN",
        "SignatureType": "SignatureType6",
        "ArtistName": "ArtistName6",
        "SignedOn": "/Date(966478092000)/",
        "AddedBy": "AddedBy6",
        "AddedDate": "/Date(351307587000)/",
        "Labellines1": "Labellines16",
        "Labellines2": "Labellines26",
        "Labellines3": "Labellines36",
        "Labellines4": "Labellines46",
        "Labellines5": "Labellines56",
        "Labellines6": "Labellines66"
    },
    {
        "Mandt": "Ma7",
        "SeqNo": 24692,
        "Vbeln": "sakPlHvCtu",
        "Posnr": "FbkfOo",
        "SignatureType": "SignatureType7",
        "ArtistName": "ArtistName7",
        "SignedOn": "/Date(821483289000)/",
        "AddedBy": "AddedBy7",
        "AddedDate": "/Date(769606514000)/",
        "Labellines1": "Labellines17",
        "Labellines2": "Labellines27",
        "Labellines3": "Labellines37",
        "Labellines4": "Labellines47",
        "Labellines5": "Labellines57",
        "Labellines6": "Labellines67"
    },
    {
        "Mandt": "Ma8",
        "SeqNo": 13223,
        "Vbeln": "eYfWFpfXay",
        "Posnr": "CEyRhU",
        "SignatureType": "SignatureType8",
        "ArtistName": "ArtistName8",
        "SignedOn": "/Date(61557996000)/",
        "AddedBy": "AddedBy8",
        "AddedDate": "/Date(1343616697000)/",
        "Labellines1": "Labellines18",
        "Labellines2": "Labellines28",
        "Labellines3": "Labellines38",
        "Labellines4": "Labellines48",
        "Labellines5": "Labellines58",
        "Labellines6": "Labellines68"
    },
    {
        "Mandt": "Ma9",
        "SeqNo": 8058,
        "Vbeln": "slHWHoFqFO",
        "Posnr": "HNogKf",
        "SignatureType": "SignatureType9",
        "ArtistName": "ArtistName9",
        "SignedOn": "/Date(1371202499000)/",
        "AddedBy": "AddedBy9",
        "AddedDate": "/Date(384041065000)/",
        "Labellines1": "Labellines19",
        "Labellines2": "Labellines29",
        "Labellines3": "Labellines39",
        "Labellines4": "Labellines49",
        "Labellines5": "Labellines59",
        "Labellines6": "Labellines69"
    },
    {
        "Mandt": "M10",
        "SeqNo": 19338,
        "Vbeln": "IWsVkhxwSU",
        "Posnr": "IWlAeJ",
        "SignatureType": "SignatureType10",
        "ArtistName": "ArtistName10",
        "SignedOn": "/Date(75025943000)/",
        "AddedBy": "AddedBy10",
        "AddedDate": "/Date(1022731582000)/",
        "Labellines1": "Labellines110",
        "Labellines2": "Labellines210",
        "Labellines3": "Labellines310",
        "Labellines4": "Labellines410",
        "Labellines5": "Labellines510",
        "Labellines6": "Labellines610"
    },
    {
        "Mandt": "M11",
        "SeqNo": 18547,
        "Vbeln": "knjIKjtfVp",
        "Posnr": "KpRTaf",
        "SignatureType": "SignatureType11",
        "ArtistName": "ArtistName11",
        "SignedOn": "/Date(120111073000)/",
        "AddedBy": "AddedBy11",
        "AddedDate": "/Date(719799109000)/",
        "Labellines1": "Labellines111",
        "Labellines2": "Labellines211",
        "Labellines3": "Labellines311",
        "Labellines4": "Labellines411",
        "Labellines5": "Labellines511",
        "Labellines6": "Labellines611"
    },
    {
        "Mandt": "M12",
        "SeqNo": 19903,
        "Vbeln": "SKUulZhDfp",
        "Posnr": "kKqykg",
        "SignatureType": "SignatureType12",
        "ArtistName": "ArtistName12",
        "SignedOn": "/Date(1067448583000)/",
        "AddedBy": "AddedBy12",
        "AddedDate": "/Date(1162642061000)/",
        "Labellines1": "Labellines112",
        "Labellines2": "Labellines212",
        "Labellines3": "Labellines312",
        "Labellines4": "Labellines412",
        "Labellines5": "Labellines512",
        "Labellines6": "Labellines612"
    },
    {
        "Mandt": "M13",
        "SeqNo": 10613,
        "Vbeln": "ojYXXcXMIS",
        "Posnr": "YMIHjQ",
        "SignatureType": "SignatureType13",
        "ArtistName": "ArtistName13",
        "SignedOn": "/Date(583749372000)/",
        "AddedBy": "AddedBy13",
        "AddedDate": "/Date(561231953000)/",
        "Labellines1": "Labellines113",
        "Labellines2": "Labellines213",
        "Labellines3": "Labellines313",
        "Labellines4": "Labellines413",
        "Labellines5": "Labellines513",
        "Labellines6": "Labellines613"
    },
    {
        "Mandt": "M14",
        "SeqNo": 6033,
        "Vbeln": "FUQxdPQNxV",
        "Posnr": "bWfiLO",
        "SignatureType": "SignatureType14",
        "ArtistName": "ArtistName14",
        "SignedOn": "/Date(1125856524000)/",
        "AddedBy": "AddedBy14",
        "AddedDate": "/Date(663130075000)/",
        "Labellines1": "Labellines114",
        "Labellines2": "Labellines214",
        "Labellines3": "Labellines314",
        "Labellines4": "Labellines414",
        "Labellines5": "Labellines514",
        "Labellines6": "Labellines614"
    },
    {
        "Mandt": "M15",
        "SeqNo": 15540,
        "Vbeln": "fNybnpkbEU",
        "Posnr": "giYkVK",
        "SignatureType": "SignatureType15",
        "ArtistName": "ArtistName15",
        "SignedOn": "/Date(573820097000)/",
        "AddedBy": "AddedBy15",
        "AddedDate": "/Date(493939818000)/",
        "Labellines1": "Labellines115",
        "Labellines2": "Labellines215",
        "Labellines3": "Labellines315",
        "Labellines4": "Labellines415",
        "Labellines5": "Labellines515",
        "Labellines6": "Labellines615"
    },
    {
        "Mandt": "M16",
        "SeqNo": 3231,
        "Vbeln": "oEFhHECdwI",
        "Posnr": "hQMOzW",
        "SignatureType": "SignatureType16",
        "ArtistName": "ArtistName16",
        "SignedOn": "/Date(496198947000)/",
        "AddedBy": "AddedBy16",
        "AddedDate": "/Date(294715062000)/",
        "Labellines1": "Labellines116",
        "Labellines2": "Labellines216",
        "Labellines3": "Labellines316",
        "Labellines4": "Labellines416",
        "Labellines5": "Labellines516",
        "Labellines6": "Labellines616"
    },
    {
        "Mandt": "M17",
        "SeqNo": 11438,
        "Vbeln": "wxtDjOWujf",
        "Posnr": "CNyHXF",
        "SignatureType": "SignatureType17",
        "ArtistName": "ArtistName17",
        "SignedOn": "/Date(22880879000)/",
        "AddedBy": "AddedBy17",
        "AddedDate": "/Date(780829201000)/",
        "Labellines1": "Labellines117",
        "Labellines2": "Labellines217",
        "Labellines3": "Labellines317",
        "Labellines4": "Labellines417",
        "Labellines5": "Labellines517",
        "Labellines6": "Labellines617"
    },
    {
        "Mandt": "M18",
        "SeqNo": 19958,
        "Vbeln": "gzfuYXfNsS",
        "Posnr": "fGaxSh",
        "SignatureType": "SignatureType18",
        "ArtistName": "ArtistName18",
        "SignedOn": "/Date(229018922000)/",
        "AddedBy": "AddedBy18",
        "AddedDate": "/Date(344800103000)/",
        "Labellines1": "Labellines118",
        "Labellines2": "Labellines218",
        "Labellines3": "Labellines318",
        "Labellines4": "Labellines418",
        "Labellines5": "Labellines518",
        "Labellines6": "Labellines618"
    },
    {
        "Mandt": "M19",
        "SeqNo": 20161,
        "Vbeln": "ZNoSlQepOM",
        "Posnr": "GihUbx",
        "SignatureType": "SignatureType19",
        "ArtistName": "ArtistName19",
        "SignedOn": "/Date(1019747062000)/",
        "AddedBy": "AddedBy19",
        "AddedDate": "/Date(113932360000)/",
        "Labellines1": "Labellines119",
        "Labellines2": "Labellines219",
        "Labellines3": "Labellines319",
        "Labellines4": "Labellines419",
        "Labellines5": "Labellines519",
        "Labellines6": "Labellines619"
    },
    {
        "Mandt": "M20",
        "SeqNo": 5558,
        "Vbeln": "cqaUEQjLse",
        "Posnr": "ssehtx",
        "SignatureType": "SignatureType20",
        "ArtistName": "ArtistName20",
        "SignedOn": "/Date(1219065957000)/",
        "AddedBy": "AddedBy20",
        "AddedDate": "/Date(979134087000)/",
        "Labellines1": "Labellines120",
        "Labellines2": "Labellines220",
        "Labellines3": "Labellines320",
        "Labellines4": "Labellines420",
        "Labellines5": "Labellines520",
        "Labellines6": "Labellines620"
    }
]