[
    {
        "Vbeln": "LzFYLlCFKc",
        "Posnr": "jXnpUq",
        "LabelLines1": "LabelLines11",
        "LabelLines2": "LabelLines21",
        "LabelLines3": "LabelLines31",
        "LabelLines4": "LabelLines41",
        "LabelLines5": "LabelLines51",
        "LabelLines6": "LabelLines61",
        "Flag": "Flag1"
    },
    {
        "Vbeln": "qaXochFMqp",
        "Posnr": "GSVjNc",
        "LabelLines1": "LabelLines12",
        "LabelLines2": "LabelLines22",
        "LabelLines3": "LabelLines32",
        "LabelLines4": "LabelLines42",
        "LabelLines5": "LabelLines52",
        "LabelLines6": "LabelLines62",
        "Flag": "Flag2"
    },
    {
        "Vbeln": "cFGUmSaHwH",
        "Posnr": "vkflrI",
        "LabelLines1": "LabelLines13",
        "LabelLines2": "LabelLines23",
        "LabelLines3": "LabelLines33",
        "LabelLines4": "LabelLines43",
        "LabelLines5": "LabelLines53",
        "LabelLines6": "LabelLines63",
        "Flag": "Flag3"
    },
    {
        "Vbeln": "OtLeMdfjzq",
        "Posnr": "uywtYu",
        "LabelLines1": "LabelLines14",
        "LabelLines2": "LabelLines24",
        "LabelLines3": "LabelLines34",
        "LabelLines4": "LabelLines44",
        "LabelLines5": "LabelLines54",
        "LabelLines6": "LabelLines64",
        "Flag": "Flag4"
    },
    {
        "Vbeln": "QWZcdjALfq",
        "Posnr": "vbBVWI",
        "LabelLines1": "LabelLines15",
        "LabelLines2": "LabelLines25",
        "LabelLines3": "LabelLines35",
        "LabelLines4": "LabelLines45",
        "LabelLines5": "LabelLines55",
        "LabelLines6": "LabelLines65",
        "Flag": "Flag5"
    },
    {
        "Vbeln": "hHepeqUEkk",
        "Posnr": "kQwmSv",
        "LabelLines1": "LabelLines16",
        "LabelLines2": "LabelLines26",
        "LabelLines3": "LabelLines36",
        "LabelLines4": "LabelLines46",
        "LabelLines5": "LabelLines56",
        "LabelLines6": "LabelLines66",
        "Flag": "Flag6"
    },
    {
        "Vbeln": "evxVpuyzMs",
        "Posnr": "AjXsAM",
        "LabelLines1": "LabelLines17",
        "LabelLines2": "LabelLines27",
        "LabelLines3": "LabelLines37",
        "LabelLines4": "LabelLines47",
        "LabelLines5": "LabelLines57",
        "LabelLines6": "LabelLines67",
        "Flag": "Flag7"
    },
    {
        "Vbeln": "OcrxTGRJjn",
        "Posnr": "KhDsns",
        "LabelLines1": "LabelLines18",
        "LabelLines2": "LabelLines28",
        "LabelLines3": "LabelLines38",
        "LabelLines4": "LabelLines48",
        "LabelLines5": "LabelLines58",
        "LabelLines6": "LabelLines68",
        "Flag": "Flag8"
    },
    {
        "Vbeln": "dzClnRcNRz",
        "Posnr": "fqxaqQ",
        "LabelLines1": "LabelLines19",
        "LabelLines2": "LabelLines29",
        "LabelLines3": "LabelLines39",
        "LabelLines4": "LabelLines49",
        "LabelLines5": "LabelLines59",
        "LabelLines6": "LabelLines69",
        "Flag": "Flag9"
    },
    {
        "Vbeln": "kXgZMoeFpj",
        "Posnr": "WjrwJw",
        "LabelLines1": "LabelLines110",
        "LabelLines2": "LabelLines210",
        "LabelLines3": "LabelLines310",
        "LabelLines4": "LabelLines410",
        "LabelLines5": "LabelLines510",
        "LabelLines6": "LabelLines610",
        "Flag": "Flag10"
    },
    {
        "Vbeln": "RGYGkLqFLx",
        "Posnr": "MPEVVK",
        "LabelLines1": "LabelLines111",
        "LabelLines2": "LabelLines211",
        "LabelLines3": "LabelLines311",
        "LabelLines4": "LabelLines411",
        "LabelLines5": "LabelLines511",
        "LabelLines6": "LabelLines611",
        "Flag": "Flag11"
    },
    {
        "Vbeln": "FhEMTNQOfT",
        "Posnr": "gcVQVR",
        "LabelLines1": "LabelLines112",
        "LabelLines2": "LabelLines212",
        "LabelLines3": "LabelLines312",
        "LabelLines4": "LabelLines412",
        "LabelLines5": "LabelLines512",
        "LabelLines6": "LabelLines612",
        "Flag": "Flag12"
    },
    {
        "Vbeln": "uHangLwRvh",
        "Posnr": "STELYr",
        "LabelLines1": "LabelLines113",
        "LabelLines2": "LabelLines213",
        "LabelLines3": "LabelLines313",
        "LabelLines4": "LabelLines413",
        "LabelLines5": "LabelLines513",
        "LabelLines6": "LabelLines613",
        "Flag": "Flag13"
    },
    {
        "Vbeln": "loNaARwodl",
        "Posnr": "QlddPX",
        "LabelLines1": "LabelLines114",
        "LabelLines2": "LabelLines214",
        "LabelLines3": "LabelLines314",
        "LabelLines4": "LabelLines414",
        "LabelLines5": "LabelLines514",
        "LabelLines6": "LabelLines614",
        "Flag": "Flag14"
    },
    {
        "Vbeln": "pYIrRWAtRv",
        "Posnr": "dGVvfm",
        "LabelLines1": "LabelLines115",
        "LabelLines2": "LabelLines215",
        "LabelLines3": "LabelLines315",
        "LabelLines4": "LabelLines415",
        "LabelLines5": "LabelLines515",
        "LabelLines6": "LabelLines615",
        "Flag": "Flag15"
    },
    {
        "Vbeln": "htTZsyxjaT",
        "Posnr": "llCETn",
        "LabelLines1": "LabelLines116",
        "LabelLines2": "LabelLines216",
        "LabelLines3": "LabelLines316",
        "LabelLines4": "LabelLines416",
        "LabelLines5": "LabelLines516",
        "LabelLines6": "LabelLines616",
        "Flag": "Flag16"
    },
    {
        "Vbeln": "DFFTpOEKAX",
        "Posnr": "NFVpFQ",
        "LabelLines1": "LabelLines117",
        "LabelLines2": "LabelLines217",
        "LabelLines3": "LabelLines317",
        "LabelLines4": "LabelLines417",
        "LabelLines5": "LabelLines517",
        "LabelLines6": "LabelLines617",
        "Flag": "Flag17"
    },
    {
        "Vbeln": "uzAjDvzuMe",
        "Posnr": "jmDYXH",
        "LabelLines1": "LabelLines118",
        "LabelLines2": "LabelLines218",
        "LabelLines3": "LabelLines318",
        "LabelLines4": "LabelLines418",
        "LabelLines5": "LabelLines518",
        "LabelLines6": "LabelLines618",
        "Flag": "Flag18"
    },
    {
        "Vbeln": "uEbrLoWudf",
        "Posnr": "aigxLL",
        "LabelLines1": "LabelLines119",
        "LabelLines2": "LabelLines219",
        "LabelLines3": "LabelLines319",
        "LabelLines4": "LabelLines419",
        "LabelLines5": "LabelLines519",
        "LabelLines6": "LabelLines619",
        "Flag": "Flag19"
    },
    {
        "Vbeln": "qsoHIkDHUO",
        "Posnr": "lffdrc",
        "LabelLines1": "LabelLines120",
        "LabelLines2": "LabelLines220",
        "LabelLines3": "LabelLines320",
        "LabelLines4": "LabelLines420",
        "LabelLines5": "LabelLines520",
        "LabelLines6": "LabelLines620",
        "Flag": "Flag20"
    }
]