{
	"_version": "1.1.0",
	"resources": [
		{
			"name": ".theming",
			"size": 64,
			"theme": "base"
		},
		{
			"name": "css_variables.css",
			"size": 127,
			"theme": "base"
		},
		{
			"name": "css_variables.less",
			"size": 252,
			"designtime": true,
			"theme": "base"
		},
		{
			"name": "css_variables.source.less",
			"size": 81725,
			"designtime": true,
			"theme": "base"
		},
		{
			"name": "library-RTL.css",
			"size": 403,
			"theme": "base"
		},
		{
			"name": "library-parameters.json",
			"size": 2,
			"theme": "base"
		},
		{
			"name": "library.css",
			"size": 400,
			"theme": "base"
		},
		{
			"name": "library.less",
			"size": 684,
			"designtime": true,
			"theme": "base"
		},
		{
			"name": "library.source.less",
			"size": 235,
			"designtime": true,
			"theme": "base"
		},
		{
			"name": "library_skeleton-RTL.css",
			"size": 293,
			"theme": "base"
		},
		{
			"name": "library_skeleton.css",
			"size": 290,
			"theme": "base"
		},
		{
			"name": "shared.less",
			"size": 221,
			"designtime": true,
			"theme": "base"
		}
	]
}
