{
  "manifest-bundle.zip": 1673614671893,
  "test/integration/pages/grading.js": 1673607328000,
  "manifest.json": 1673614671872,
  "test/unit/controller/grading.controller.js": 1673607328000,
  "model/columnsModel.json": 1673607328000,
  "test/integration/arrangements/Startup.js": 1673607328000,
  "test/unit/unitTests.qunit.js": 1673607328000,
  "test/unit/AllTests.js": 1673607328000,
  "test/integration/opaTests.qunit.js": 1673607328000,
  "test/integration/NavigationJourney.js": 1673607328000,
  "test/integration/AllJourneys.js": 1673607328000,
  "test/testsuite.qunit.js": 1673607328000,
  "model/models.js": 1673607328000,
  "controller/initial.controller.js": 1673607328000,
  "controller/grading.controller.js": 1673607328000,
  "controller/App.controller.js": 1673607328000,
  "Component.js": 1673607328000,
  "i18n/i18n.properties": 1673607328000,
  "Component-preload.js": 1673614673025,
  "test/testsuite.qunit-dbg.js": 1673607328000,
  "test/integration/pages/grading-dbg.js": 1673607328000,
  "test/integration/arrangements/Startup-dbg.js": 1673607328000,
  "test/unit/unitTests.qunit-dbg.js": 1673607328000,
  "test/unit/AllTests-dbg.js": 1673607328000,
  "test/integration/opaTests.qunit-dbg.js": 1673607328000,
  "test/integration/NavigationJourney-dbg.js": 1673607328000,
  "test/integration/AllJourneys-dbg.js": 1673607328000,
  "test/unit/controller/grading-dbg.controller.js": 1673607328000,
  "model/models-dbg.js": 1673607328000,
  "controller/initial-dbg.controller.js": 1673607328000,
  "controller/grading-dbg.controller.js": 1673607328000,
  "controller/App-dbg.controller.js": 1673607328000,
  "Component-dbg.js": 1673607328000,
  "neo-app.json": 1673614673519,
  "di.code-validation.core_issues.json": 1673614677835,
  "resources.json": 1673614677856,
  "view/fragment/collectible.fragment.xml": 1673607328000,
  "view/fragment/Userstatus.fragment.xml": 1673607328000,
  "view/fragment/PrintLabel.fragment.xml": 1673607328000,
  "view/fragment/GraderInfo.fragment.xml": 1673607328000,
  "test/unit/unitTests.qunit.html": 1673607328000,
  "test/integration/opaTests.qunit.html": 1673607328000,
  "view/initial.view.xml": 1673607328000,
  "view/grading.view.xml": 1673607328000,
  "view/App.view.xml": 1673607328000,
  "test/testsuite.qunit.html": 1673607328000,
  "localService/metadata.xml": 1673607328000,
  "css/style.css": 1673607328000,
  "Image/No_image.png": 1673607328000,
  "index.html": 1673607328000
}