{
	"_version": "1.1.0",
	"resources": [
		{
			"name": ".theming",
			"size": 611,
			"theme": "sap_belize_plus"
		},
		{
			"name": "css_variables.css",
			"size": 204,
			"theme": "sap_belize_plus"
		},
		{
			"name": "css_variables.less",
			"size": 32634,
			"designtime": true,
			"theme": "sap_belize_plus"
		},
		{
			"name": "css_variables.source.less",
			"size": 32246,
			"designtime": true,
			"theme": "sap_belize_plus"
		},
		{
			"name": "library-RTL.css",
			"size": 766,
			"theme": "sap_belize_plus"
		},
		{
			"name": "library-parameters.json",
			"size": 46,
			"theme": "sap_belize_plus"
		},
		{
			"name": "library.css",
			"size": 760,
			"theme": "sap_belize_plus"
		},
		{
			"name": "library.less",
			"size": 545,
			"designtime": true,
			"theme": "sap_belize_plus"
		},
		{
			"name": "library.source.less",
			"size": 180,
			"designtime": true,
			"theme": "sap_belize_plus"
		},
		{
			"name": "library_skeleton-RTL.css",
			"size": 597,
			"theme": "sap_belize_plus"
		},
		{
			"name": "library_skeleton.css",
			"size": 591,
			"theme": "sap_belize_plus"
		}
	]
}
