{
	"_version": "1.1.0",
	"resources": [
		{
			"name": ".theming",
			"size": 93,
			"theme": "sap_belize_hcb"
		},
		{
			"name": "css_variables.css",
			"size": 127,
			"theme": "sap_belize_hcb"
		},
		{
			"name": "css_variables.less",
			"size": 31430,
			"designtime": true,
			"theme": "sap_belize_hcb"
		},
		{
			"name": "css_variables.source.less",
			"size": 31044,
			"designtime": true,
			"theme": "sap_belize_hcb"
		},
		{
			"name": "library-RTL.css",
			"size": 328,
			"theme": "sap_belize_hcb"
		},
		{
			"name": "library-parameters.json",
			"size": 2,
			"theme": "sap_belize_hcb"
		},
		{
			"name": "library.css",
			"size": 325,
			"theme": "sap_belize_hcb"
		},
		{
			"name": "library.less",
			"size": 381,
			"designtime": true,
			"theme": "sap_belize_hcb"
		},
		{
			"name": "library.source.less",
			"size": 107,
			"designtime": true,
			"theme": "sap_belize_hcb"
		},
		{
			"name": "library_skeleton-RTL.css",
			"size": 218,
			"theme": "sap_belize_hcb"
		},
		{
			"name": "library_skeleton.css",
			"size": 215,
			"theme": "sap_belize_hcb"
		}
	]
}
